[
 {
  "action": {
   "redirect": {
    "extensionPath": "/web_accessible_resources/noop.js"
   },
   "type": "redirect"
  },
  "condition": {
   "initiatorDomains": [
    "nova.cz"
   ],
   "isUrlFilterCaseSensitive": false,
   "resourceTypes": [
    "script"
   ],
   "urlFilter": "||trackad.cz/adtrack.php"
  },
  "id": 118,
  "priority": 1
 },
 {
  "action": {
   "redirect": {
    "extensionPath": "/web_accessible_resources/noop-0.1s.mp3"
   },
   "type": "redirect"
  },
  "condition": {
   "initiatorDomains": [
    "youradio.cz"
   ],
   "isUrlFilterCaseSensitive": false,
   "resourceTypes": [
    "media"
   ],
   "urlFilter": "||media.actve.net/sads/"
  },
  "id": 120,
  "priority": 1
 },
 {
  "action": {
   "redirect": {
    "extensionPath": "/web_accessible_resources/noop-1s.mp4"
   },
   "type": "redirect"
  },
  "condition": {
   "initiatorDomains": [
    "youradio.cz"
   ],
   "isUrlFilterCaseSensitive": false,
   "resourceTypes": [
    "media"
   ],
   "urlFilter": "||redirector.gvt1.com/videoplayback/id/"
  },
  "id": 121,
  "priority": 1
 },
 {
  "action": {
   "redirect": {
    "extensionPath": "/web_accessible_resources/1x1.gif"
   },
   "type": "redirect"
  },
  "condition": {
   "domainType": "thirdParty",
   "requestDomains": [
    "r.i0.cz"
   ],
   "resourceTypes": [
    "image"
   ]
  },
  "id": 122,
  "priority": 1
 }
]
