[
 {
  "action": {
   "redirect": {
    "extensionPath": "/web_accessible_resources/noop.txt"
   },
   "type": "redirect"
  },
  "condition": {
   "initiatorDomains": [
    "linternaute.com",
    "sante.journaldesfemmes.fr"
   ],
   "isUrlFilterCaseSensitive": false,
   "resourceTypes": [
    "image",
    "media",
    "other",
    "script",
    "stylesheet",
    "sub_frame",
    "xmlhttprequest"
   ],
   "urlFilter": "||kweb.r66net.com/getlink|"
  },
  "id": 6561,
  "priority": 11
 },
 {
  "action": {
   "redirect": {
    "extensionPath": "/web_accessible_resources/noop.txt"
   },
   "type": "redirect"
  },
  "condition": {
   "initiatorDomains": [
    "ultimate-catch.eu"
   ],
   "isUrlFilterCaseSensitive": false,
   "resourceTypes": [
    "image",
    "media",
    "other",
    "script",
    "stylesheet",
    "sub_frame",
    "xmlhttprequest"
   ],
   "urlFilter": "||cas.criteo.com/delivery/ajs.php^"
  },
  "id": 6562,
  "priority": 11
 },
 {
  "action": {
   "redirect": {
    "extensionPath": "/web_accessible_resources/noop.txt"
   },
   "type": "redirect"
  },
  "condition": {
   "isUrlFilterCaseSensitive": false,
   "resourceTypes": [
    "image",
    "media",
    "other",
    "script",
    "stylesheet",
    "sub_frame",
    "xmlhttprequest"
   ],
   "urlFilter": "||cache.go4up.com/assets/img/abutoned.gif"
  },
  "id": 6563,
  "priority": 11
 },
 {
  "action": {
   "redirect": {
    "extensionPath": "/web_accessible_resources/googlesyndication_adsbygoogle.js"
   },
   "type": "redirect"
  },
  "condition": {
   "initiatorDomains": [
    "trackmusik.fr"
   ],
   "isUrlFilterCaseSensitive": false,
   "resourceTypes": [
    "script",
    "xmlhttprequest"
   ],
   "urlFilter": "||pagead2.googlesyndication.com/pagead/js/adsbygoogle.js"
  },
  "id": 6564,
  "priority": 11
 },
 {
  "action": {
   "redirect": {
    "extensionPath": "/web_accessible_resources/googlesyndication_adsbygoogle.js"
   },
   "type": "redirect"
  },
  "condition": {
   "initiatorDomains": [
    "animedigitalnetwork.fr",
    "lecourrier-du-soir.com"
   ],
   "isUrlFilterCaseSensitive": false,
   "resourceTypes": [
    "script"
   ],
   "urlFilter": "||pagead2.googlesyndication.com/pagead/js/adsbygoogle.js"
  },
  "id": 6565,
  "priority": 11
 },
 {
  "action": {
   "redirect": {
    "extensionPath": "/web_accessible_resources/noop.js"
   },
   "type": "redirect"
  },
  "condition": {
   "initiatorDomains": [
    "commentcamarche.net"
   ],
   "isUrlFilterCaseSensitive": false,
   "resourceTypes": [
    "script"
   ],
   "urlFilter": "||c.amazon-adsystem.com/aax2/apstag.js"
  },
  "id": 6566,
  "priority": 11
 },
 {
  "action": {
   "redirect": {
    "extensionPath": "/web_accessible_resources/noop.js"
   },
   "type": "redirect"
  },
  "condition": {
   "initiatorDomains": [
    "commentcamarche.net"
   ],
   "isUrlFilterCaseSensitive": false,
   "resourceTypes": [
    "script"
   ],
   "urlFilter": "||widgets.outbrain.com/outbrain.js"
  },
  "id": 6567,
  "priority": 11
 },
 {
  "action": {
   "redirect": {
    "extensionPath": "/web_accessible_resources/noop.js"
   },
   "type": "redirect"
  },
  "condition": {
   "initiatorDomains": [
    "jardiner-malin.fr"
   ],
   "isUrlFilterCaseSensitive": false,
   "resourceTypes": [
    "script"
   ],
   "urlFilter": "||cdn-a.yieldlove.com/yieldlove-bidder.js"
  },
  "id": 6568,
  "priority": 1
 },
 {
  "action": {
   "redirect": {
    "extensionPath": "/web_accessible_resources/noop.js"
   },
   "type": "redirect"
  },
  "condition": {
   "initiatorDomains": [
    "linternaute.com",
    "sante.journaldesfemmes.fr"
   ],
   "isUrlFilterCaseSensitive": false,
   "resourceTypes": [
    "script"
   ],
   "urlFilter": "||dpm.zebestof.com/*/tag.js"
  },
  "id": 6569,
  "priority": 11
 },
 {
  "action": {
   "redirect": {
    "extensionPath": "/web_accessible_resources/noop.js"
   },
   "type": "redirect"
  },
  "condition": {
   "initiatorDomains": [
    "linternaute.com",
    "sante.journaldesfemmes.fr"
   ],
   "isUrlFilterCaseSensitive": false,
   "resourceTypes": [
    "script"
   ],
   "urlFilter": "||amazon-adsystem.com/*/apstag.js"
  },
  "id": 6570,
  "priority": 11
 },
 {
  "action": {
   "redirect": {
    "extensionPath": "/web_accessible_resources/noop.js"
   },
   "type": "redirect"
  },
  "condition": {
   "initiatorDomains": [
    "linternaute.com",
    "sante.journaldesfemmes.fr"
   ],
   "isUrlFilterCaseSensitive": false,
   "resourceTypes": [
    "script"
   ],
   "urlFilter": "||cdn.adsafeprotected.com/iaspet.*.js"
  },
  "id": 6571,
  "priority": 11
 },
 {
  "action": {
   "redirect": {
    "extensionPath": "/web_accessible_resources/noop.js"
   },
   "type": "redirect"
  },
  "condition": {
   "initiatorDomains": [
    "linternaute.com",
    "sante.journaldesfemmes.fr"
   ],
   "isUrlFilterCaseSensitive": false,
   "resourceTypes": [
    "script"
   ],
   "urlFilter": "||pagead2.googlesyndication.com/pagead/js/adsbygoogle.js"
  },
  "id": 6572,
  "priority": 11
 },
 {
  "action": {
   "redirect": {
    "extensionPath": "/web_accessible_resources/noop.js"
   },
   "type": "redirect"
  },
  "condition": {
   "initiatorDomains": [
    "ultimate-catch.eu"
   ],
   "isUrlFilterCaseSensitive": false,
   "resourceTypes": [
    "script"
   ],
   "urlFilter": "||static.criteo.net/js/px.js"
  },
  "id": 6573,
  "priority": 11
 },
 {
  "action": {
   "redirect": {
    "extensionPath": "/web_accessible_resources/amazon_apstag.js"
   },
   "type": "redirect"
  },
  "condition": {
   "initiatorDomains": [
    "programme-tv.net"
   ],
   "isUrlFilterCaseSensitive": false,
   "resourceTypes": [
    "script"
   ],
   "urlFilter": "||c.amazon-adsystem.com/aax2/apstag.js"
  },
  "id": 6574,
  "priority": 1
 },
 {
  "action": {
   "redirect": {
    "extensionPath": "/web_accessible_resources/noop.js"
   },
   "type": "redirect"
  },
  "condition": {
   "initiatorDomains": [
    "capital.fr",
    "gala.fr",
    "voici.fr"
   ],
   "isUrlFilterCaseSensitive": false,
   "resourceTypes": [
    "script"
   ],
   "urlFilter": "||js-sec.indexww.com/ht/p/*.js"
  },
  "id": 6575,
  "priority": 1
 },
 {
  "action": {
   "redirect": {
    "extensionPath": "/web_accessible_resources/amazon_apstag.js"
   },
   "type": "redirect"
  },
  "condition": {
   "initiatorDomains": [
    "capital.fr",
    "gala.fr",
    "voici.fr"
   ],
   "isUrlFilterCaseSensitive": false,
   "resourceTypes": [
    "script"
   ],
   "urlFilter": "||amazon-adsystem.com/aax2/apstag.js"
  },
  "id": 6576,
  "priority": 1
 },
 {
  "action": {
   "redirect": {
    "extensionPath": "/web_accessible_resources/google-analytics_ga.js"
   },
   "type": "redirect"
  },
  "condition": {
   "initiatorDomains": [
    "capital.fr",
    "gala.fr",
    "voici.fr"
   ],
   "isUrlFilterCaseSensitive": false,
   "resourceTypes": [
    "script"
   ],
   "urlFilter": "||googletagmanager.com/gtm.js"
  },
  "id": 6577,
  "priority": 1
 },
 {
  "action": {
   "redirect": {
    "extensionPath": "/web_accessible_resources/googletagservices_gpt.js"
   },
   "type": "redirect"
  },
  "condition": {
   "initiatorDomains": [
    "capital.fr",
    "gala.fr",
    "voici.fr"
   ],
   "isUrlFilterCaseSensitive": false,
   "resourceTypes": [
    "script"
   ],
   "urlFilter": "||securepubads.g.doubleclick.net/tag/js/gpt.js"
  },
  "id": 6578,
  "priority": 1
 },
 {
  "action": {
   "redirect": {
    "extensionPath": "/web_accessible_resources/noop.js"
   },
   "type": "redirect"
  },
  "condition": {
   "initiatorDomains": [
    "capital.fr",
    "gala.fr",
    "voici.fr"
   ],
   "isUrlFilterCaseSensitive": false,
   "resourceTypes": [
    "script"
   ],
   "urlFilter": "||prismamedia-com.videoplayerhub.com/galleryplayer.js"
  },
  "id": 6579,
  "priority": 1
 },
 {
  "action": {
   "redirect": {
    "extensionPath": "/web_accessible_resources/amazon_apstag.js"
   },
   "type": "redirect"
  },
  "condition": {
   "initiatorDomains": [
    "maxisciences.com"
   ],
   "isUrlFilterCaseSensitive": false,
   "resourceTypes": [
    "script"
   ],
   "urlFilter": "||amazon-adsystem.com/aax2/apstag.js"
  },
  "id": 6580,
  "priority": 11
 },
 {
  "action": {
   "redirect": {
    "extensionPath": "/web_accessible_resources/noop.js"
   },
   "type": "redirect"
  },
  "condition": {
   "initiatorDomains": [
    "tf1.fr"
   ],
   "isUrlFilterCaseSensitive": false,
   "resourceTypes": [
    "script"
   ],
   "urlFilter": "||tf1.fr/assets/js/build/lib/ad"
  },
  "id": 6581,
  "priority": 1
 },
 {
  "action": {
   "redirect": {
    "extensionPath": "/web_accessible_resources/noop-vmap1.0.xml"
   },
   "type": "redirect"
  },
  "condition": {
   "isUrlFilterCaseSensitive": false,
   "resourceTypes": [
    "xmlhttprequest"
   ],
   "urlFilter": "||wakanim.tv/*/advertisement?idepisode="
  },
  "id": 6582,
  "priority": 11
 },
 {
  "action": {
   "redirect": {
    "extensionPath": "/web_accessible_resources/noop-vmap1.0.xml"
   },
   "type": "redirect"
  },
  "condition": {
   "initiatorDomains": [
    "canalplus.com"
   ],
   "isUrlFilterCaseSensitive": false,
   "resourceTypes": [
    "other",
    "xmlhttprequest"
   ],
   "urlFilter": "||proxy.ads.canalplus-bo.net/web/*/advert/?adinfo="
  },
  "id": 6583,
  "priority": 11
 },
 {
  "action": {
   "redirect": {
    "extensionPath": "/web_accessible_resources/noop-0.1s.mp3"
   },
   "type": "redirect"
  },
  "condition": {
   "initiatorDomains": [
    "6play.fr"
   ],
   "isUrlFilterCaseSensitive": false,
   "resourceTypes": [
    "media"
   ],
   "urlFilter": "||cdn.stickyadstv.com/www/images/*.mp4"
  },
  "id": 6590,
  "priority": 1
 },
 {
  "action": {
   "redirect": {
    "extensionPath": "/web_accessible_resources/noop-1s.mp4"
   },
   "type": "redirect"
  },
  "condition": {
   "isUrlFilterCaseSensitive": false,
   "resourceTypes": [
    "media"
   ],
   "urlFilter": "||static.canal-plus.net/pub/*/*_*.mp4"
  },
  "id": 6591,
  "priority": 1
 },
 {
  "action": {
   "redirect": {
    "extensionPath": "/web_accessible_resources/noop-0.1s.mp3"
   },
   "type": "redirect"
  },
  "condition": {
   "initiatorDomains": [
    "tf1.fr"
   ],
   "isUrlFilterCaseSensitive": false,
   "resourceTypes": [
    "media"
   ],
   "urlFilter": "||delivery.tf1.fr/pub"
  },
  "id": 6592,
  "priority": 1
 },
 {
  "action": {
   "redirect": {
    "extensionPath": "/web_accessible_resources/noop-0.1s.mp3"
   },
   "type": "redirect"
  },
  "condition": {
   "initiatorDomains": [
    "tf1.fr"
   ],
   "requestDomains": [
    "dnl-adv-ssl.tf1.fr",
    "slpubmedias.tf1.fr"
   ],
   "resourceTypes": [
    "media"
   ]
  },
  "id": 6593,
  "priority": 1
 },
 {
  "action": {
   "redirect": {
    "extensionPath": "/web_accessible_resources/noop-0.1s.mp3"
   },
   "type": "redirect"
  },
  "condition": {
   "initiatorDomains": [
    "01fmovies.com"
   ],
   "isUrlFilterCaseSensitive": false,
   "resourceTypes": [
    "media"
   ],
   "urlFilter": "||loadshare.org/custom/"
  },
  "id": 6594,
  "priority": 1
 },
 {
  "action": {
   "redirect": {
    "extensionPath": "/web_accessible_resources/noop-0.1s.mp3"
   },
   "type": "redirect"
  },
  "condition": {
   "initiatorDomains": [
    "6play.fr"
   ],
   "isUrlFilterCaseSensitive": false,
   "resourceTypes": [
    "media"
   ],
   "urlFilter": "||static.6cloud.fr^*.mp4"
  },
  "id": 6595,
  "priority": 1
 }
]
