[
 {
  "action": {
   "redirect": {
    "extensionPath": "/web_accessible_resources/noop-1s.mp4"
   },
   "type": "redirect"
  },
  "condition": {
   "isUrlFilterCaseSensitive": false,
   "urlFilter": "||smrmembers-smr.smartmediarep.com/smc/smrmembers/"
  },
  "id": 748,
  "priority": 1
 },
 {
  "action": {
   "redirect": {
    "extensionPath": "/web_accessible_resources/noop.txt"
   },
   "type": "redirect"
  },
  "condition": {
   "isUrlFilterCaseSensitive": false,
   "urlFilter": "||news.mobfeed.co.kr/front/personal/coupang"
  },
  "id": 749,
  "priority": 1
 },
 {
  "action": {
   "redirect": {
    "extensionPath": "/web_accessible_resources/2x2.png"
   },
   "type": "redirect"
  },
  "condition": {
   "isUrlFilterCaseSensitive": false,
   "urlFilter": "||openimage.interpark.com/dia/images/"
  },
  "id": 750,
  "priority": 1
 },
 {
  "action": {
   "redirect": {
    "extensionPath": "/web_accessible_resources/2x2.png"
   },
   "type": "redirect"
  },
  "condition": {
   "isUrlFilterCaseSensitive": false,
   "urlFilter": "||bigkinds.or.kr/resources/files/banner/"
  },
  "id": 751,
  "priority": 1
 },
 {
  "action": {
   "redirect": {
    "extensionPath": "/web_accessible_resources/2x2.png"
   },
   "type": "redirect"
  },
  "condition": {
   "isUrlFilterCaseSensitive": false,
   "urlFilter": "||bigkinds.or.kr/assets/*/img/content/*banner"
  },
  "id": 752,
  "priority": 1
 },
 {
  "action": {
   "redirect": {
    "extensionPath": "/web_accessible_resources/noop.html"
   },
   "type": "redirect"
  },
  "condition": {
   "isUrlFilterCaseSensitive": false,
   "urlFilter": "||ds.11st.co.kr/netinsight/text/11st/11st_product/product@"
  },
  "id": 753,
  "priority": 1
 },
 {
  "action": {
   "redirect": {
    "extensionPath": "/web_accessible_resources/googlesyndication_adsbygoogle.js"
   },
   "type": "redirect"
  },
  "condition": {
   "isUrlFilterCaseSensitive": false,
   "urlFilter": "||pagead2.googlesyndication.com/pagead/js/adsbygoogle.js"
  },
  "id": 754,
  "priority": 1
 },
 {
  "action": {
   "redirect": {
    "extensionPath": "/web_accessible_resources/noop.txt"
   },
   "type": "redirect"
  },
  "condition": {
   "initiatorDomains": [
    "kakaotv.daum.net",
    "play-tv.kakao.com",
    "tv.kakao.com"
   ],
   "isUrlFilterCaseSensitive": false,
   "regexFilter": "^https:\\/\\/videoads\\.kakao\\.com\\/adserver\\/api\\/v[0-9]+\\/vmap"
  },
  "id": 755,
  "priority": 1
 },
 {
  "action": {
   "redirect": {
    "extensionPath": "/web_accessible_resources/2x2.png"
   },
   "type": "redirect"
  },
  "condition": {
   "initiatorDomains": [
    "kakaotv.daum.net",
    "play-tv.kakao.com",
    "tv.kakao.com"
   ],
   "isUrlFilterCaseSensitive": false,
   "urlFilter": "/embed/player/image/ads.png"
  },
  "id": 756,
  "priority": 1
 },
 {
  "action": {
   "redirect": {
    "extensionPath": "/web_accessible_resources/noop.txt"
   },
   "type": "redirect"
  },
  "condition": {
   "initiatorDomains": [
    "mbn.co.kr"
   ],
   "isUrlFilterCaseSensitive": false,
   "urlFilter": "||ad.smartmediarep.com/netinsight/video/"
  },
  "id": 757,
  "priority": 1
 },
 {
  "action": {
   "redirect": {
    "extensionPath": "/web_accessible_resources/2x2.png"
   },
   "type": "redirect"
  },
  "condition": {
   "initiatorDomains": [
    "tv.nate.com"
   ],
   "isUrlFilterCaseSensitive": false,
   "urlFilter": "||adimg.nate.com/img/*?n="
  },
  "id": 758,
  "priority": 1
 },
 {
  "action": {
   "redirect": {
    "extensionPath": "/web_accessible_resources/noop.txt"
   },
   "type": "redirect"
  },
  "condition": {
   "initiatorDomains": [
    "spotvnow.co.kr"
   ],
   "isUrlFilterCaseSensitive": false,
   "urlFilter": "||imasdk.googleapis.com/js/sdkloader/ima3.js"
  },
  "id": 759,
  "priority": 1
 },
 {
  "action": {
   "redirect": {
    "extensionPath": "/web_accessible_resources/noop.js"
   },
   "type": "redirect"
  },
  "condition": {
   "initiatorDomains": [
    "game.hotsharegames.com"
   ],
   "isUrlFilterCaseSensitive": false,
   "urlFilter": "||imasdk.googleapis.com/js/sdkloader/ima3.js"
  },
  "id": 760,
  "priority": 1
 },
 {
  "action": {
   "redirect": {
    "extensionPath": "/web_accessible_resources/noop.txt"
   },
   "type": "redirect"
  },
  "condition": {
   "initiatorDomains": [
    "blackkiwi.net"
   ],
   "isUrlFilterCaseSensitive": false,
   "urlFilter": "||www3.doubleclick.net/|"
  },
  "id": 761,
  "priority": 1
 },
 {
  "action": {
   "redirect": {
    "extensionPath": "/web_accessible_resources/noop.js"
   },
   "type": "redirect"
  },
  "condition": {
   "initiatorDomains": [
    "m.sports.naver.com"
   ],
   "isUrlFilterCaseSensitive": false,
   "resourceTypes": [
    "script"
   ],
   "urlFilter": "||ssl.pstatic.net/tveta/libs/ssp-video/prod/ssp.web.sdk_"
  },
  "id": 763,
  "priority": 1
 },
 {
  "action": {
   "redirect": {
    "extensionPath": "/web_accessible_resources/amazon_apstag.js"
   },
   "type": "redirect"
  },
  "condition": {
   "isUrlFilterCaseSensitive": false,
   "resourceTypes": [
    "script"
   ],
   "urlFilter": "||amazon-adsystem.com/aax2/apstag.js"
  },
  "id": 764,
  "priority": 1
 },
 {
  "action": {
   "redirect": {
    "extensionPath": "/web_accessible_resources/googletagservices_gpt.js"
   },
   "type": "redirect"
  },
  "condition": {
   "isUrlFilterCaseSensitive": false,
   "resourceTypes": [
    "script"
   ],
   "urlFilter": "||googletagservices.com/tag/js/gpt.js"
  },
  "id": 765,
  "priority": 1
 },
 {
  "action": {
   "redirect": {
    "extensionPath": "/web_accessible_resources/googletagservices_gpt.js"
   },
   "type": "redirect"
  },
  "condition": {
   "isUrlFilterCaseSensitive": false,
   "resourceTypes": [
    "script"
   ],
   "urlFilter": "||securepubads.g.doubleclick.net/tag/js/gpt.js"
  },
  "id": 766,
  "priority": 1
 },
 {
  "action": {
   "redirect": {
    "extensionPath": "/web_accessible_resources/noop-1s.mp4"
   },
   "type": "redirect"
  },
  "condition": {
   "isUrlFilterCaseSensitive": false,
   "resourceTypes": [
    "media"
   ],
   "urlFilter": "||advod.sbs.co.kr/sbsad/"
  },
  "id": 767,
  "priority": 1
 }
]
