[
 {
  "action": {
   "redirect": {
    "extensionPath": "/web_accessible_resources/noop.js"
   },
   "type": "redirect"
  },
  "condition": {
   "isUrlFilterCaseSensitive": false,
   "resourceTypes": [
    "script"
   ],
   "urlFilter": "||go.onclasrv.com/apu.php"
  },
  "id": 1019,
  "priority": 11
 },
 {
  "action": {
   "redirect": {
    "extensionPath": "/web_accessible_resources/noop.js"
   },
   "type": "redirect"
  },
  "condition": {
   "isUrlFilterCaseSensitive": false,
   "resourceTypes": [
    "script"
   ],
   "urlFilter": "||aoredi.com/apu.php?"
  },
  "id": 1020,
  "priority": 11
 },
 {
  "action": {
   "redirect": {
    "extensionPath": "/web_accessible_resources/nofab.js"
   },
   "type": "redirect"
  },
  "condition": {
   "initiatorDomains": [
    "gorlice.in",
    "limanowa.in",
    "sacz.in"
   ],
   "isUrlFilterCaseSensitive": false,
   "resourceTypes": [
    "script"
   ],
   "urlFilter": "/js/adblock.js"
  },
  "id": 1021,
  "priority": 11
 },
 {
  "action": {
   "redirect": {
    "extensionPath": "/web_accessible_resources/noop.js"
   },
   "type": "redirect"
  },
  "condition": {
   "isUrlFilterCaseSensitive": false,
   "resourceTypes": [
    "script"
   ],
   "urlFilter": "||s-pt.ppstatic.pl/*/reklama.js"
  },
  "id": 1022,
  "priority": 11
 },
 {
  "action": {
   "redirect": {
    "extensionPath": "/web_accessible_resources/noop.js"
   },
   "type": "redirect"
  },
  "condition": {
   "initiatorDomains": [
    "pilot.wp.pl"
   ],
   "isUrlFilterCaseSensitive": false,
   "resourceTypes": [
    "script"
   ],
   "urlFilter": "||wp.hit.gemius.pl/gdejs/xgde.js"
  },
  "id": 1023,
  "priority": 1
 },
 {
  "action": {
   "redirect": {
    "extensionPath": "/web_accessible_resources/noop.js"
   },
   "type": "redirect"
  },
  "condition": {
   "initiatorDomains": [
    "ps3-hack.pl"
   ],
   "isUrlFilterCaseSensitive": false,
   "resourceTypes": [
    "script"
   ],
   "urlFilter": "||pagead2.googlesyndication.com/pagead/js/adsbygoogle.js"
  },
  "id": 1024,
  "priority": 11
 },
 {
  "action": {
   "redirect": {
    "extensionPath": "/web_accessible_resources/noop.js"
   },
   "type": "redirect"
  },
  "condition": {
   "initiatorDomains": [
    "nk-net.pl",
    "www.gry.pl"
   ],
   "isUrlFilterCaseSensitive": false,
   "resourceTypes": [
    "script"
   ],
   "urlFilter": "||pagead2.googlesyndication.com/pagead/show_ads.js"
  },
  "id": 1025,
  "priority": 11
 },
 {
  "action": {
   "redirect": {
    "extensionPath": "/web_accessible_resources/noop.js"
   },
   "type": "redirect"
  },
  "condition": {
   "initiatorDomains": [
    "popkulturysci.pl"
   ],
   "requestDomains": [
    "pagead2.googlesyndication.com"
   ],
   "resourceTypes": [
    "script"
   ]
  },
  "id": 1026,
  "priority": 11
 },
 {
  "action": {
   "redirect": {
    "extensionPath": "/web_accessible_resources/googlesyndication_adsbygoogle.js"
   },
   "type": "redirect"
  },
  "condition": {
   "initiatorDomains": [
    "darmowa-tv.ws"
   ],
   "requestDomains": [
    "googlesyndication.com"
   ],
   "resourceTypes": [
    "script"
   ]
  },
  "id": 1027,
  "priority": 1
 },
 {
  "action": {
   "redirect": {
    "extensionPath": "/web_accessible_resources/noop.txt"
   },
   "type": "redirect"
  },
  "condition": {
   "initiatorDomains": [
    "epidemia-koronawirus.pl"
   ],
   "isUrlFilterCaseSensitive": false,
   "resourceTypes": [
    "script",
    "xmlhttprequest"
   ],
   "urlFilter": "/js/adsbygoogle.js"
  },
  "id": 1028,
  "priority": 1
 },
 {
  "action": {
   "redirect": {
    "extensionPath": "/web_accessible_resources/noop.txt"
   },
   "type": "redirect"
  },
  "condition": {
   "initiatorDomains": [
    "epidemia-koronawirus.pl"
   ],
   "isUrlFilterCaseSensitive": false,
   "resourceTypes": [
    "script",
    "xmlhttprequest"
   ],
   "urlFilter": "||googleads.g.doubleclick.net/pagead/id"
  },
  "id": 1029,
  "priority": 1
 },
 {
  "action": {
   "redirect": {
    "extensionPath": "/web_accessible_resources/googlesyndication_adsbygoogle.js"
   },
   "type": "redirect"
  },
  "condition": {
   "initiatorDomains": [
    "soisk.pl"
   ],
   "isUrlFilterCaseSensitive": false,
   "resourceTypes": [
    "script"
   ],
   "urlFilter": "||pagead2.googlesyndication.com/pagead/js/adsbygoogle.js"
  },
  "id": 1030,
  "priority": 11
 },
 {
  "action": {
   "redirect": {
    "extensionPath": "/web_accessible_resources/noop.js"
   },
   "type": "redirect"
  },
  "condition": {
   "initiatorDomains": [
    "eu",
    "pl"
   ],
   "isUrlFilterCaseSensitive": false,
   "resourceTypes": [
    "script"
   ],
   "urlFilter": "||ppstatic.pl/assets/nsk/*/js/compiled/atoms/ads/branding-video.js"
  },
  "id": 1031,
  "priority": 11
 },
 {
  "action": {
   "redirect": {
    "extensionPath": "/web_accessible_resources/noop.js"
   },
   "type": "redirect"
  },
  "condition": {
   "initiatorDomains": [
    "loomi.tv"
   ],
   "isUrlFilterCaseSensitive": false,
   "resourceTypes": [
    "script"
   ],
   "urlFilter": "||imasdk.googleapis.com/js/sdkloader/ima3.js"
  },
  "id": 1032,
  "priority": 11
 },
 {
  "action": {
   "redirect": {
    "extensionPath": "/web_accessible_resources/noop.js"
   },
   "type": "redirect"
  },
  "condition": {
   "initiatorDomains": [
    "twojahistoria.pl"
   ],
   "isUrlFilterCaseSensitive": false,
   "resourceTypes": [
    "xmlhttprequest"
   ],
   "urlFilter": "||pagead2.googlesyndication.com/pagead/js/adsbygoogle.js"
  },
  "id": 1033,
  "priority": 1
 },
 {
  "action": {
   "redirect": {
    "extensionPath": "/web_accessible_resources/noop.txt"
   },
   "type": "redirect"
  },
  "condition": {
   "initiatorDomains": [
    "popkulturysci.pl"
   ],
   "requestDomains": [
    "pagead2.googlesyndication.com"
   ],
   "resourceTypes": [
    "xmlhttprequest"
   ]
  },
  "id": 1034,
  "priority": 11
 },
 {
  "action": {
   "redirect": {
    "extensionPath": "/web_accessible_resources/noop.txt"
   },
   "type": "redirect"
  },
  "condition": {
   "initiatorDomains": [
    "zobacz.ws"
   ],
   "isUrlFilterCaseSensitive": false,
   "resourceTypes": [
    "xmlhttprequest"
   ],
   "urlFilter": "||pagead2.googlesyndication.com/pagead/js/adsbygoogle.js"
  },
  "id": 1035,
  "priority": 11
 },
 {
  "action": {
   "redirect": {
    "extensionPath": "/web_accessible_resources/noop-0.1s.mp3"
   },
   "type": "redirect"
  },
  "condition": {
   "initiatorDomains": [
    "tkchopin.pl"
   ],
   "isUrlFilterCaseSensitive": false,
   "resourceTypes": [
    "media"
   ],
   "urlFilter": "||tkchopin.pl/cams/video_file/"
  },
  "id": 1036,
  "priority": 1
 },
 {
  "action": {
   "redirect": {
    "extensionPath": "/web_accessible_resources/noop-0.1s.mp3"
   },
   "type": "redirect"
  },
  "condition": {
   "isUrlFilterCaseSensitive": false,
   "resourceTypes": [
    "media"
   ],
   "urlFilter": "||adv.wp.pl/rm/box/*.mp4"
  },
  "id": 1037,
  "priority": 1
 },
 {
  "action": {
   "redirect": {
    "extensionPath": "/web_accessible_resources/noop-0.1s.mp3"
   },
   "type": "redirect"
  },
  "condition": {
   "excludedInitiatorDomains": [
    "www.wp.pl"
   ],
   "initiatorDomains": [
    "autokult.pl",
    "dobreprogramy.pl",
    "echirurgia.pl",
    "fotoblogia.pl",
    "gadzetomania.pl",
    "jejswiat.pl",
    "kafeteria.pl",
    "komorkomania.pl",
    "medycyna24.pl",
    "money.pl",
    "o2.pl",
    "parenting.pl",
    "portal.abczdrowie.pl",
    "pudelek.pl",
    "wp.pl"
   ],
   "isUrlFilterCaseSensitive": false,
   "resourceTypes": [
    "media"
   ],
   "urlFilter": "||v.wpimg.pl/"
  },
  "id": 1038,
  "priority": 1
 },
 {
  "action": {
   "redirect": {
    "extensionPath": "/web_accessible_resources/noop-0.1s.mp3"
   },
   "type": "redirect"
  },
  "condition": {
   "isUrlFilterCaseSensitive": false,
   "resourceTypes": [
    "media"
   ],
   "urlFilter": "||webcamera.pl/videointro/filead*.mp4"
  },
  "id": 1039,
  "priority": 11
 },
 {
  "action": {
   "redirect": {
    "extensionPath": "/web_accessible_resources/noop-0.1s.mp3"
   },
   "type": "redirect"
  },
  "condition": {
   "initiatorDomains": [
    "twojapogoda.pl"
   ],
   "isUrlFilterCaseSensitive": false,
   "resourceTypes": [
    "media"
   ],
   "urlFilter": "||ipla-*-*.pluscdn.pl/p/r/*/"
  },
  "id": 1040,
  "priority": 1
 },
 {
  "action": {
   "redirect": {
    "extensionPath": "/web_accessible_resources/noop-0.1s.mp3"
   },
   "type": "redirect"
  },
  "condition": {
   "initiatorDomains": [
    "telewizjattm.pl"
   ],
   "isUrlFilterCaseSensitive": false,
   "resourceTypes": [
    "media"
   ],
   "urlFilter": "||telewizjattm.pl/wioslo/*.mp4"
  },
  "id": 1041,
  "priority": 1
 },
 {
  "action": {
   "redirect": {
    "extensionPath": "/web_accessible_resources/noop-1s.mp4"
   },
   "type": "redirect"
  },
  "condition": {
   "initiatorDomains": [
    "polsatnews.pl",
    "polsatsport.pl"
   ],
   "isUrlFilterCaseSensitive": false,
   "resourceTypes": [
    "media"
   ],
   "urlFilter": "||redirector.redefine.pl/r/"
  },
  "id": 1042,
  "priority": 1
 },
 {
  "action": {
   "redirect": {
    "extensionPath": "/web_accessible_resources/noop-1s.mp4"
   },
   "type": "redirect"
  },
  "condition": {
   "initiatorDomains": [
    "www.tvn.pl"
   ],
   "isUrlFilterCaseSensitive": false,
   "resourceTypes": [
    "media"
   ],
   "urlFilter": "||redcdn.pl/*-adserver/"
  },
  "id": 1043,
  "priority": 1
 },
 {
  "action": {
   "redirect": {
    "extensionPath": "/web_accessible_resources/noop.js"
   },
   "type": "redirect"
  },
  "condition": {
   "domainType": "firstParty",
   "isUrlFilterCaseSensitive": false,
   "resourceTypes": [
    "script"
   ],
   "urlFilter": "||olx.pl^*/advertising.js"
  },
  "id": 1044,
  "priority": 11
 },
 {
  "action": {
   "redirect": {
    "extensionPath": "/web_accessible_resources/click2load.html"
   },
   "type": "redirect"
  },
  "condition": {
   "domainType": "thirdParty",
   "initiatorDomains": [
    "orionblues.pinger.pl"
   ],
   "isUrlFilterCaseSensitive": false,
   "regexFilter": "^https:\\/\\/(www\\.)?youtube(-nocookie)?\\.com\\/embed\\/",
   "resourceTypes": [
    "object",
    "sub_frame"
   ]
  },
  "id": 1045,
  "priority": 1
 }
]
