[
 {
  "action": {
   "redirect": {
    "extensionPath": "/web_accessible_resources/32x32.png"
   },
   "type": "redirect"
  },
  "condition": {
   "isUrlFilterCaseSensitive": false,
   "resourceTypes": [
    "image"
   ],
   "urlFilter": "||clustrmaps.com/counter/"
  },
  "id": 5857,
  "priority": 1
 },
 {
  "action": {
   "redirect": {
    "extensionPath": "/web_accessible_resources/1x1.gif"
   },
   "type": "redirect"
  },
  "condition": {
   "isUrlFilterCaseSensitive": false,
   "resourceTypes": [
    "image"
   ],
   "urlFilter": "||mc.admetrica.ru/sync_cookie_image_check"
  },
  "id": 5858,
  "priority": 1
 },
 {
  "action": {
   "redirect": {
    "extensionPath": "/web_accessible_resources/empty"
   },
   "type": "redirect"
  },
  "condition": {
   "isUrlFilterCaseSensitive": false,
   "resourceTypes": [
    "image",
    "script",
    "xmlhttprequest"
   ],
   "urlFilter": "||ad.mail.ru/"
  },
  "id": 5859,
  "priority": 1
 },
 {
  "action": {
   "redirect": {
    "extensionPath": "/web_accessible_resources/1x1.gif"
   },
   "type": "redirect"
  },
  "condition": {
   "initiatorDomains": [
    "mail.ru",
    "sportmail.ru"
   ],
   "isUrlFilterCaseSensitive": false,
   "resourceTypes": [
    "image"
   ],
   "urlFilter": "||ru/count/"
  },
  "id": 5860,
  "priority": 11
 },
 {
  "action": {
   "redirect": {
    "extensionPath": "/web_accessible_resources/noop.js"
   },
   "type": "redirect"
  },
  "condition": {
   "requestDomains": [
    "adbutton.net"
   ],
   "resourceTypes": [
    "script"
   ]
  },
  "id": 5861,
  "priority": 1
 },
 {
  "action": {
   "redirect": {
    "extensionPath": "/web_accessible_resources/noop.js"
   },
   "type": "redirect"
  },
  "condition": {
   "requestDomains": [
    "loadercdn.com"
   ],
   "resourceTypes": [
    "script"
   ]
  },
  "id": 5863,
  "priority": 11
 },
 {
  "action": {
   "redirect": {
    "extensionPath": "/web_accessible_resources/noeval-silent.js"
   },
   "type": "redirect"
  },
  "condition": {
   "initiatorDomains": [
    "yandex.ru",
    "yastatic.net"
   ],
   "isUrlFilterCaseSensitive": false,
   "resourceTypes": [
    "script"
   ],
   "urlFilter": "||strm.yandex.ru/get/"
  },
  "id": 5864,
  "priority": 1
 },
 {
  "action": {
   "redirect": {
    "extensionPath": "/web_accessible_resources/noop.js"
   },
   "type": "redirect"
  },
  "condition": {
   "initiatorDomains": [
    "afisha.ru",
    "autorambler.ru",
    "championat.com",
    "eda.ru",
    "gazeta.ru",
    "lenta.ru",
    "letidor.ru",
    "motor.ru",
    "passion.ru",
    "quto.ru",
    "rambler.ru",
    "wmj.ru"
   ],
   "requestDomains": [
    "zoomdecorate.rambler.ru"
   ],
   "resourceTypes": [
    "script"
   ]
  },
  "id": 5865,
  "priority": 1
 },
 {
  "action": {
   "redirect": {
    "extensionPath": "/web_accessible_resources/empty"
   },
   "type": "redirect"
  },
  "condition": {
   "isUrlFilterCaseSensitive": false,
   "resourceTypes": [
    "script"
   ],
   "urlFilter": "||r.mradx.net/img/*.js|"
  },
  "id": 5866,
  "priority": 1
 },
 {
  "action": {
   "redirect": {
    "extensionPath": "/web_accessible_resources/noop.html"
   },
   "type": "redirect"
  },
  "condition": {
   "initiatorDomains": [
    "pronpic.org"
   ],
   "requestDomains": [
    "pronpic.org"
   ],
   "resourceTypes": [
    "sub_frame"
   ]
  },
  "id": 5911,
  "priority": 1
 },
 {
  "action": {
   "redirect": {
    "extensionPath": "/web_accessible_resources/noop-0.1s.mp3"
   },
   "type": "redirect"
  },
  "condition": {
   "initiatorDomains": [
    "anidub.club",
    "anidub.life",
    "anidub.link",
    "anime.anidub.com",
    "loveanime.live",
    "myanime.online",
    "online.anidub.com",
    "rusanime.ru"
   ],
   "requestDomains": [
    "loveanime.live"
   ],
   "resourceTypes": [
    "media"
   ]
  },
  "id": 5916,
  "priority": 1
 },
 {
  "action": {
   "redirect": {
    "extensionPath": "/web_accessible_resources/noop-0.1s.mp3"
   },
   "type": "redirect"
  },
  "condition": {
   "initiatorDomains": [
    "player-films.online"
   ],
   "isUrlFilterCaseSensitive": false,
   "resourceTypes": [
    "media"
   ],
   "urlFilter": "||s-cdn.org/promo/*.mp4"
  },
  "id": 5917,
  "priority": 1
 },
 {
  "action": {
   "redirect": {
    "extensionPath": "/web_accessible_resources/noop-0.1s.mp3"
   },
   "type": "redirect"
  },
  "condition": {
   "initiatorDomains": [
    "player-films.online"
   ],
   "isUrlFilterCaseSensitive": false,
   "resourceTypes": [
    "media"
   ],
   "urlFilter": "||s-club.tv/promo/*.mp4"
  },
  "id": 5918,
  "priority": 1
 },
 {
  "action": {
   "redirect": {
    "extensionPath": "/web_accessible_resources/empty"
   },
   "type": "redirect"
  },
  "condition": {
   "initiatorDomains": [
    "1tv.ru",
    "karaoke.ru",
    "mediavitrina.ru",
    "yastatic.net"
   ],
   "requestDomains": [
    "strm.yandex.ru"
   ],
   "resourceTypes": [
    "media"
   ]
  },
  "id": 5919,
  "priority": 1
 },
 {
  "action": {
   "redirect": {
    "extensionPath": "/web_accessible_resources/noop-0.1s.mp3"
   },
   "type": "redirect"
  },
  "condition": {
   "isUrlFilterCaseSensitive": false,
   "resourceTypes": [
    "media"
   ],
   "urlFilter": "||ts.kg/olol*.mp4"
  },
  "id": 5920,
  "priority": 1
 }
]
