[
 {
  "action": {
   "redirect": {
    "transform": {
     "queryTransform": {
      "removeParams": [
       "__hsfp",
       "__hssc",
       "__hstc",
       "_branch_match_id",
       "_clde",
       "_cldee",
       "_hsenc",
       "_kx",
       "_openstat",
       "_sgm_action",
       "_sgm_campaign",
       "_sgm_source",
       "_zucks_suid",
       "action_object_map",
       "action_ref_map",
       "action_type_map",
       "adfrom",
       "adjust_adgroup",
       "adjust_campaign",
       "adjust_creative",
       "adjust_tracker",
       "adjust_tracker_limit",
       "admitad_uid",
       "aiad_clid",
       "asgtbndr",
       "awc",
       "bsft_aaid",
       "bsft_clkid",
       "bsft_eid",
       "bsft_ek",
       "bsft_mid",
       "bsft_uid",
       "cmpid",
       "cx_click",
       "dclid",
       "dpg_campaign",
       "dpg_content",
       "dpg_medium",
       "dpg_source",
       "ebisAdID",
       "erid",
       "fb_action_ids",
       "fb_action_types",
       "fb_comment_id",
       "fb_ref",
       "fb_source",
       "fbclid",
       "gbraid",
       "gclid",
       "gclsrc",
       "gps_adid",
       "guccounter",
       "guce_referrer",
       "guce_referrer_sig",
       "hsCtaTracking",
       "hsa_acc",
       "hsa_ad",
       "hsa_cam",
       "hsa_grp",
       "hsa_kw",
       "hsa_la",
       "hsa_mt",
       "hsa_net",
       "hsa_ol",
       "hsa_src",
       "hsa_tgt",
       "hsa_ver",
       "irgwc",
       "itm_campaign",
       "itm_content",
       "itm_medium",
       "itm_source",
       "itm_term",
       "maf",
       "mc_eid",
       "mindbox-message-key",
       "mkt_tok",
       "ml_subscriber",
       "ml_subscriber_hash",
       "msclkid",
       "mtm_campaign",
       "mtm_cid",
       "mtm_content",
       "mtm_group",
       "mtm_keyword",
       "mtm_medium",
       "mtm_placement",
       "mtm_source",
       "nx_source",
       "oly_anon_id",
       "oly_enc_id",
       "oprtrack",
       "pk_campaign",
       "pk_medium",
       "pk_source",
       "rb_clickid",
       "s_cid",
       "twclid",
       "unicorn_click_id",
       "usqp",
       "utm_ad",
       "utm_affiliate",
       "utm_brand",
       "utm_campaign",
       "utm_campaignid",
       "utm_channel",
       "utm_cid",
       "utm_content",
       "utm_emcid",
       "utm_emmid",
       "utm_id",
       "utm_keyword",
       "utm_medium",
       "utm_name",
       "utm_place",
       "utm_product",
       "utm_pubreferrer",
       "utm_reader",
       "utm_referrer",
       "utm_serial",
       "utm_session",
       "utm_siteid",
       "utm_social",
       "utm_social-type",
       "utm_source",
       "utm_supplier",
       "utm_swu",
       "utm_term",
       "utm_umguk",
       "utm_userid",
       "utm_viz_id",
       "vc_lpp",
       "vero_conv",
       "vero_id",
       "wbraid",
       "wickedid",
       "wt_mc",
       "xtor",
       "yclid",
       "ysclid"
      ]
     }
    }
   },
   "type": "redirect"
  },
  "condition": {
   "resourceTypes": [
    "main_frame",
    "sub_frame",
    "xmlhttprequest"
   ]
  },
  "id": 1
 },
 {
  "action": {
   "redirect": {
    "transform": {
     "query": ""
    }
   },
   "type": "redirect"
  },
  "condition": {
   "isUrlFilterCaseSensitive": false,
   "resourceTypes": [
    "main_frame",
    "sub_frame",
    "xmlhttprequest"
   ],
   "urlFilter": "/?uclick=*;uclickhash="
  },
  "id": 2
 },
 {
  "action": {
   "redirect": {
    "transform": {
     "query": ""
    }
   },
   "type": "redirect"
  },
  "condition": {
   "isUrlFilterCaseSensitive": false,
   "resourceTypes": [
    "main_frame",
    "sub_frame",
    "xmlhttprequest"
   ],
   "urlFilter": "&uclick=*&uclickhash="
  },
  "id": 3
 },
 {
  "action": {
   "redirect": {
    "transform": {
     "query": ""
    }
   },
   "type": "redirect"
  },
  "condition": {
   "isUrlFilterCaseSensitive": false,
   "resourceTypes": [
    "main_frame",
    "sub_frame",
    "xmlhttprequest"
   ],
   "urlFilter": "/?r=dir&zoneid="
  },
  "id": 4
 },
 {
  "action": {
   "redirect": {
    "transform": {
     "query": ""
    }
   },
   "type": "redirect"
  },
  "condition": {
   "isUrlFilterCaseSensitive": false,
   "resourceTypes": [
    "main_frame",
    "sub_frame",
    "xmlhttprequest"
   ],
   "urlFilter": "/?rb=*&zoneid="
  },
  "id": 5
 },
 {
  "action": {
   "redirect": {
    "transform": {
     "queryTransform": {
      "removeParams": [
       "tag"
      ]
     }
    }
   },
   "type": "redirect"
  },
  "condition": {
   "requestDomains": [
    "agoda.com",
    "japan.cnet.com"
   ],
   "resourceTypes": [
    "main_frame",
    "sub_frame",
    "xmlhttprequest"
   ]
  },
  "id": 6
 },
 {
  "action": {
   "redirect": {
    "transform": {
     "queryTransform": {
      "removeParams": [
       "iref"
      ]
     }
    }
   },
   "type": "redirect"
  },
  "condition": {
   "requestDomains": [
    "asahi.com"
   ],
   "resourceTypes": [
    "main_frame",
    "sub_frame",
    "xmlhttprequest"
   ]
  },
  "id": 7
 },
 {
  "action": {
   "redirect": {
    "transform": {
     "queryTransform": {
      "removeParams": [
       "ref"
      ]
     }
    }
   },
   "type": "redirect"
  },
  "condition": {
   "requestDomains": [
    "arcelik.com.tr",
    "asahi.com",
    "buzzfeednews.com",
    "cnn.co.jp",
    "coconala.com",
    "coolblue.nl",
    "d-markets.net",
    "goodreads.com",
    "livedoor.biz",
    "mein.onlinekonto.de",
    "nicovideo.jp",
    "reddit.com",
    "uspoloassn.com",
    "video.laxd.com"
   ],
   "resourceTypes": [
    "main_frame",
    "sub_frame",
    "xmlhttprequest"
   ]
  },
  "id": 8
 },
 {
  "action": {
   "redirect": {
    "transform": {
     "queryTransform": {
      "removeParams": [
       "cid"
      ]
     }
    }
   },
   "type": "redirect"
  },
  "condition": {
   "requestDomains": [
    "adshares.net",
    "asahi.com",
    "flipkart.com",
    "gearbest.com",
    "giphy.com",
    "rac.co.uk",
    "teknosa.com"
   ],
   "resourceTypes": [
    "main_frame",
    "sub_frame",
    "xmlhttprequest"
   ]
  },
  "id": 9
 },
 {
  "action": {
   "redirect": {
    "transform": {
     "queryTransform": {
      "removeParams": [
       "m"
      ]
     }
    }
   },
   "type": "redirect"
  },
  "condition": {
   "requestDomains": [
    "jiji.com"
   ],
   "resourceTypes": [
    "main_frame",
    "sub_frame",
    "xmlhttprequest"
   ]
  },
  "id": 10
 },
 {
  "action": {
   "redirect": {
    "transform": {
     "queryTransform": {
      "removeParams": [
       "media"
      ]
     }
    }
   },
   "type": "redirect"
  },
  "condition": {
   "requestDomains": [
    "fashion-press.net"
   ],
   "resourceTypes": [
    "main_frame",
    "sub_frame",
    "xmlhttprequest"
   ]
  },
  "id": 11
 },
 {
  "action": {
   "redirect": {
    "transform": {
     "queryTransform": {
      "removeParams": [
       "_i",
       "dt_platform"
      ]
     }
    }
   },
   "type": "redirect"
  },
  "condition": {
   "requestDomains": [
    "douban.com"
   ],
   "resourceTypes": [
    "main_frame",
    "sub_frame",
    "xmlhttprequest"
   ]
  },
  "id": 12
 },
 {
  "action": {
   "redirect": {
    "transform": {
     "queryTransform": {
      "removeParams": [
       "from"
      ]
     }
    }
   },
   "type": "redirect"
  },
  "condition": {
   "requestDomains": [
    "fmworld.net",
    "mp.weixin.qq.com",
    "oshiete.goo.ne.jp"
   ],
   "resourceTypes": [
    "main_frame",
    "sub_frame",
    "xmlhttprequest"
   ]
  },
  "id": 13
 },
 {
  "action": {
   "redirect": {
    "transform": {
     "queryTransform": {
      "removeParams": [
       "referrer"
      ]
     }
    }
   },
   "type": "redirect"
  },
  "condition": {
   "requestDomains": [
    "immobilienscout24.de",
    "stripchat.com"
   ],
   "resourceTypes": [
    "main_frame",
    "sub_frame",
    "xmlhttprequest"
   ]
  },
  "id": 14
 },
 {
  "action": {
   "redirect": {
    "transform": {
     "queryTransform": {
      "removeParams": [
       "enteredFrom",
       "navigationServiceUrl",
       "searchGeoPath",
       "searchId"
      ]
     }
    }
   },
   "type": "redirect"
  },
  "condition": {
   "requestDomains": [
    "immobilienscout24.de"
   ],
   "resourceTypes": [
    "main_frame",
    "sub_frame",
    "xmlhttprequest"
   ]
  },
  "id": 15
 },
 {
  "action": {
   "redirect": {
    "transform": {
     "queryTransform": {
      "removeParams": [
       "source"
      ]
     }
    }
   },
   "type": "redirect"
  },
  "condition": {
   "requestDomains": [
    "edx.org",
    "immobilienscout24.de",
    "teknosa.com",
    "tradingview.com",
    "tumblr.com"
   ],
   "resourceTypes": [
    "main_frame",
    "sub_frame",
    "xmlhttprequest"
   ]
  },
  "id": 16
 },
 {
  "action": {
   "redirect": {
    "transform": {
     "queryTransform": {
      "removeParams": [
       "_branch_referrer"
      ]
     }
    }
   },
   "type": "redirect"
  },
  "condition": {
   "requestDomains": [
    "open.spotify.com",
    "reddit.com",
    "tumblr.com"
   ],
   "resourceTypes": [
    "main_frame",
    "sub_frame",
    "xmlhttprequest"
   ]
  },
  "id": 17
 },
 {
  "action": {
   "redirect": {
    "transform": {
     "queryTransform": {
      "removeParams": [
       "_p"
      ]
     }
    }
   },
   "type": "redirect"
  },
  "condition": {
   "requestDomains": [
    "tumblr.app.link"
   ],
   "resourceTypes": [
    "main_frame",
    "sub_frame",
    "xmlhttprequest"
   ]
  },
  "id": 18
 },
 {
  "action": {
   "redirect": {
    "transform": {
     "queryTransform": {
      "removeParams": [
       "affiliate"
      ]
     }
    }
   },
   "type": "redirect"
  },
  "condition": {
   "requestDomains": [
    "dhits.docomo.ne.jp"
   ],
   "resourceTypes": [
    "main_frame",
    "sub_frame",
    "xmlhttprequest"
   ]
  },
  "id": 19
 },
 {
  "action": {
   "redirect": {
    "transform": {
     "query": ""
    }
   },
   "type": "redirect"
  },
  "condition": {
   "requestDomains": [
    "go.xlivrdr.com",
    "promo.korabli.su"
   ],
   "resourceTypes": [
    "main_frame",
    "sub_frame",
    "xmlhttprequest"
   ]
  },
  "id": 20
 },
 {
  "action": {
   "redirect": {
    "transform": {
     "queryTransform": {
      "removeParams": [
       "creative",
       "install_callback",
       "ip_address",
       "nend_click_id"
      ]
     }
    }
   },
   "type": "redirect"
  },
  "condition": {
   "requestDomains": [
    "app.adjust.com"
   ],
   "resourceTypes": [
    "main_frame",
    "sub_frame",
    "xmlhttprequest"
   ]
  },
  "id": 21
 },
 {
  "action": {
   "redirect": {
    "transform": {
     "queryTransform": {
      "removeParams": [
       "user_agent"
      ]
     }
    }
   },
   "type": "redirect"
  },
  "condition": {
   "requestDomains": [
    "app.adjust.com",
    "web.vstat.info"
   ],
   "resourceTypes": [
    "main_frame",
    "sub_frame",
    "xmlhttprequest"
   ]
  },
  "id": 22
 },
 {
  "action": {
   "redirect": {
    "transform": {
     "queryTransform": {
      "removeParams": [
       "campaign"
      ]
     }
    }
   },
   "type": "redirect"
  },
  "condition": {
   "requestDomains": [
    "app.adjust.com",
    "www.alternate.de"
   ],
   "resourceTypes": [
    "main_frame",
    "sub_frame",
    "xmlhttprequest"
   ]
  },
  "id": 23
 },
 {
  "action": {
   "redirect": {
    "transform": {
     "queryTransform": {
      "removeParams": [
       "attribution_window",
       "contact_id",
       "link_id",
       "platform",
       "token"
      ]
     }
    }
   },
   "type": "redirect"
  },
  "condition": {
   "requestDomains": [
    "elgato.com"
   ],
   "resourceTypes": [
    "main_frame",
    "sub_frame",
    "xmlhttprequest"
   ]
  },
  "id": 24
 },
 {
  "action": {
   "redirect": {
    "transform": {
     "queryTransform": {
      "removeParams": [
       "af_ad",
       "af_adset",
       "af_click_lookback",
       "wt_af",
       "wt_gl",
       "wt_so"
      ]
     }
    }
   },
   "type": "redirect"
  },
  "condition": {
   "requestDomains": [
    "hepsiburada.com"
   ],
   "resourceTypes": [
    "main_frame",
    "sub_frame",
    "xmlhttprequest"
   ]
  },
  "id": 25
 },
 {
  "action": {
   "redirect": {
    "transform": {
     "queryTransform": {
      "removeParams": [
       "af_force_deeplink",
       "af_xp",
       "is_retargeting"
      ]
     }
    }
   },
   "type": "redirect"
  },
  "condition": {
   "requestDomains": [
    "getir.com",
    "hepsiburada.com"
   ],
   "resourceTypes": [
    "main_frame",
    "sub_frame",
    "xmlhttprequest"
   ]
  },
  "id": 26
 },
 {
  "action": {
   "redirect": {
    "transform": {
     "queryTransform": {
      "removeParams": [
       "redirected",
       "sfmc_activity_id",
       "sfmc_activity_name",
       "sfmc_activityid",
       "sfmc_asset_id",
       "sfmc_channel",
       "sfmc_journey_id",
       "sfmc_journey_name"
      ]
     }
    }
   },
   "type": "redirect"
  },
  "condition": {
   "requestDomains": [
    "vercel.com"
   ],
   "resourceTypes": [
    "main_frame",
    "sub_frame",
    "xmlhttprequest"
   ]
  },
  "id": 27
 },
 {
  "action": {
   "redirect": {
    "transform": {
     "queryTransform": {
      "removeParams": [
       "pid"
      ]
     }
    }
   },
   "type": "redirect"
  },
  "condition": {
   "requestDomains": [
    "app.5-delivery.ru",
    "flipkart.com",
    "getir.com",
    "hepsiburada.com",
    "qcplay.co.jp",
    "toomics.com"
   ],
   "resourceTypes": [
    "main_frame",
    "sub_frame",
    "xmlhttprequest"
   ]
  },
  "id": 28
 },
 {
  "action": {
   "redirect": {
    "transform": {
     "queryTransform": {
      "removeParams": [
       "shortlink"
      ]
     }
    }
   },
   "type": "redirect"
  },
  "condition": {
   "requestDomains": [
    "getir.com",
    "hepsiburada.com",
    "qcplay.co.jp"
   ],
   "resourceTypes": [
    "main_frame",
    "sub_frame",
    "xmlhttprequest"
   ]
  },
  "id": 29
 },
 {
  "action": {
   "redirect": {
    "transform": {
     "queryTransform": {
      "removeParams": [
       "deep_link_value"
      ]
     }
    }
   },
   "type": "redirect"
  },
  "condition": {
   "requestDomains": [
    "getir.com"
   ],
   "resourceTypes": [
    "main_frame",
    "sub_frame",
    "xmlhttprequest"
   ]
  },
  "id": 30
 },
 {
  "action": {
   "redirect": {
    "transform": {
     "queryTransform": {
      "removeParams": [
       "c"
      ]
     }
    }
   },
   "type": "redirect"
  },
  "condition": {
   "requestDomains": [
    "app.5-delivery.ru",
    "getir.com",
    "hepsiburada.com"
   ],
   "resourceTypes": [
    "main_frame",
    "sub_frame",
    "xmlhttprequest"
   ]
  },
  "id": 31
 },
 {
  "action": {
   "redirect": {
    "transform": {
     "queryTransform": {
      "removeParams": [
       "pf_rd_i",
       "pf_rd_m",
       "pf_rd_p",
       "pf_rd_r",
       "pf_rd_s",
       "pf_rd_t",
       "ref_"
      ]
     }
    }
   },
   "type": "redirect"
  },
  "condition": {
   "requestDomains": [
    "imdb.com"
   ],
   "resourceTypes": [
    "main_frame",
    "sub_frame",
    "xmlhttprequest"
   ]
  },
  "id": 32
 },
 {
  "action": {
   "redirect": {
    "transform": {
     "queryTransform": {
      "removeParams": [
       "int_source"
      ]
     }
    }
   },
   "type": "redirect"
  },
  "condition": {
   "requestDomains": [
    "mirror.co.uk"
   ],
   "resourceTypes": [
    "main_frame",
    "sub_frame",
    "xmlhttprequest"
   ]
  },
  "id": 33
 },
 {
  "action": {
   "redirect": {
    "transform": {
     "queryTransform": {
      "removeParams": [
       "for"
      ]
     }
    }
   },
   "type": "redirect"
  },
  "condition": {
   "isUrlFilterCaseSensitive": false,
   "resourceTypes": [
    "image",
    "main_frame",
    "sub_frame",
    "xmlhttprequest"
   ],
   "urlFilter": "||thumbs4.redgifs.com/*&for="
  },
  "id": 34
 },
 {
  "action": {
   "redirect": {
    "transform": {
     "queryTransform": {
      "removeParams": [
       "isUser"
      ]
     }
    }
   },
   "type": "redirect"
  },
  "condition": {
   "requestDomains": [
    "politica.com.ua"
   ],
   "resourceTypes": [
    "main_frame",
    "sub_frame",
    "xmlhttprequest"
   ]
  },
  "id": 35
 },
 {
  "action": {
   "redirect": {
    "transform": {
     "queryTransform": {
      "removeParams": [
       "sp_atk",
       "xptdk"
      ]
     }
    }
   },
   "type": "redirect"
  },
  "condition": {
   "requestDomains": [
    "shopee.ph"
   ],
   "resourceTypes": [
    "main_frame",
    "sub_frame",
    "xmlhttprequest"
   ]
  },
  "id": 36
 },
 {
  "action": {
   "redirect": {
    "transform": {
     "queryTransform": {
      "removeParams": [
       "clid"
      ]
     }
    }
   },
   "type": "redirect"
  },
  "condition": {
   "requestDomains": [
    "adguard.com"
   ],
   "resourceTypes": [
    "main_frame",
    "sub_frame",
    "xmlhttprequest"
   ]
  },
  "id": 37
 },
 {
  "action": {
   "redirect": {
    "transform": {
     "queryTransform": {
      "removeParams": [
       "persistent_id",
       "stid"
      ]
     }
    }
   },
   "type": "redirect"
  },
  "condition": {
   "requestDomains": [
    "dzen.ru"
   ],
   "resourceTypes": [
    "main_frame",
    "sub_frame",
    "xmlhttprequest"
   ]
  },
  "id": 38
 },
 {
  "action": {
   "redirect": {
    "transform": {
     "queryTransform": {
      "removeParams": [
       "aid"
      ]
     }
    }
   },
   "type": "redirect"
  },
  "condition": {
   "requestDomains": [
    "mp.weixin.qq.com",
    "teknosa.com"
   ],
   "resourceTypes": [
    "main_frame",
    "sub_frame",
    "xmlhttprequest"
   ]
  },
  "id": 39
 },
 {
  "action": {
   "redirect": {
    "transform": {
     "queryTransform": {
      "removeParams": [
       "campid",
       "crid",
       "plid",
       "sid"
      ]
     }
    }
   },
   "type": "redirect"
  },
  "condition": {
   "requestDomains": [
    "teknosa.com"
   ],
   "resourceTypes": [
    "main_frame",
    "sub_frame",
    "xmlhttprequest"
   ]
  },
  "id": 40
 },
 {
  "action": {
   "redirect": {
    "transform": {
     "queryTransform": {
      "removeParams": [
       "umt_source"
      ]
     }
    }
   },
   "type": "redirect"
  },
  "condition": {
   "requestDomains": [
    "bunte.de"
   ],
   "resourceTypes": [
    "main_frame",
    "sub_frame",
    "xmlhttprequest"
   ]
  },
  "id": 41
 },
 {
  "action": {
   "redirect": {
    "transform": {
     "queryTransform": {
      "removeParams": [
       "affiliateId",
       "campaignId",
       "realDomain",
       "sourceId"
      ]
     }
    }
   },
   "type": "redirect"
  },
  "condition": {
   "requestDomains": [
    "stripchat.com"
   ],
   "resourceTypes": [
    "main_frame",
    "sub_frame",
    "xmlhttprequest"
   ]
  },
  "id": 42
 },
 {
  "action": {
   "redirect": {
    "transform": {
     "queryTransform": {
      "removeParams": [
       "utm_ref"
      ]
     }
    }
   },
   "type": "redirect"
  },
  "condition": {
   "requestDomains": [
    "1password.university"
   ],
   "resourceTypes": [
    "main_frame",
    "sub_frame",
    "xmlhttprequest"
   ]
  },
  "id": 43
 },
 {
  "action": {
   "redirect": {
    "transform": {
     "queryTransform": {
      "removeParams": [
       "cjdata",
       "cjevent",
       "ecid"
      ]
     }
    }
   },
   "type": "redirect"
  },
  "condition": {
   "requestDomains": [
    "michaelkors.global"
   ],
   "resourceTypes": [
    "main_frame",
    "sub_frame",
    "xmlhttprequest"
   ]
  },
  "id": 44
 },
 {
  "action": {
   "redirect": {
    "transform": {
     "queryTransform": {
      "removeParams": [
       "utm_button",
       "utm_content-group",
       "utm_page-url",
       "utm_website"
      ]
     }
    }
   },
   "type": "redirect"
  },
  "condition": {
   "requestDomains": [
    "doctolib.de"
   ],
   "resourceTypes": [
    "main_frame",
    "sub_frame",
    "xmlhttprequest"
   ]
  },
  "id": 45
 },
 {
  "action": {
   "redirect": {
    "transform": {
     "queryTransform": {
      "removeParams": [
       "utm_rd"
      ]
     }
    }
   },
   "type": "redirect"
  },
  "condition": {
   "requestDomains": [
    "nationalgeographic.com"
   ],
   "resourceTypes": [
    "main_frame",
    "sub_frame",
    "xmlhttprequest"
   ]
  },
  "id": 46
 },
 {
  "action": {
   "redirect": {
    "transform": {
     "queryTransform": {
      "removeParams": [
       "_ga",
       "icid"
      ]
     }
    }
   },
   "type": "redirect"
  },
  "condition": {
   "isUrlFilterCaseSensitive": false,
   "resourceTypes": [
    "main_frame",
    "sub_frame",
    "xmlhttprequest"
   ],
   "urlFilter": "||kaspersky."
  },
  "id": 47
 },
 {
  "action": {
   "redirect": {
    "transform": {
     "queryTransform": {
      "removeParams": [
       "extid"
      ]
     }
    }
   },
   "type": "redirect"
  },
  "condition": {
   "requestDomains": [
    "facebook.com"
   ],
   "resourceTypes": [
    "main_frame",
    "sub_frame",
    "xmlhttprequest"
   ]
  },
  "id": 48
 },
 {
  "action": {
   "redirect": {
    "transform": {
     "queryTransform": {
      "removeParams": [
       "bId",
       "cookie"
      ]
     }
    }
   },
   "type": "redirect"
  },
  "condition": {
   "requestDomains": [
    "zenaps.com"
   ],
   "resourceTypes": [
    "main_frame",
    "sub_frame",
    "xmlhttprequest"
   ]
  },
  "id": 49
 },
 {
  "action": {
   "redirect": {
    "transform": {
     "queryTransform": {
      "removeParams": [
       "awinaffid",
       "linkid"
      ]
     }
    }
   },
   "type": "redirect"
  },
  "condition": {
   "requestDomains": [
    "awin1.com"
   ],
   "resourceTypes": [
    "main_frame",
    "sub_frame",
    "xmlhttprequest"
   ]
  },
  "id": 50
 },
 {
  "action": {
   "redirect": {
    "transform": {
     "queryTransform": {
      "removeParams": [
       "clickref"
      ]
     }
    }
   },
   "type": "redirect"
  },
  "condition": {
   "requestDomains": [
    "awin1.com",
    "coolblue.nl",
    "wise.com"
   ],
   "resourceTypes": [
    "main_frame",
    "sub_frame",
    "xmlhttprequest"
   ]
  },
  "id": 51
 },
 {
  "action": {
   "redirect": {
    "transform": {
     "queryTransform": {
      "removeParams": [
       "itscg",
       "itsct"
      ]
     }
    }
   },
   "type": "redirect"
  },
  "condition": {
   "requestDomains": [
    "music.apple.com"
   ],
   "resourceTypes": [
    "main_frame",
    "sub_frame",
    "xmlhttprequest"
   ]
  },
  "id": 52
 },
 {
  "action": {
   "redirect": {
    "transform": {
     "queryTransform": {
      "removeParams": [
       "tctx",
       "trackId"
      ]
     }
    }
   },
   "type": "redirect"
  },
  "condition": {
   "requestDomains": [
    "netflix.com"
   ],
   "resourceTypes": [
    "main_frame",
    "sub_frame",
    "xmlhttprequest"
   ]
  },
  "id": 53
 },
 {
  "action": {
   "redirect": {
    "transform": {
     "queryTransform": {
      "removeParams": [
       "tsid"
      ]
     }
    }
   },
   "type": "redirect"
  },
  "condition": {
   "isUrlFilterCaseSensitive": false,
   "resourceTypes": [
    "main_frame",
    "sub_frame",
    "xmlhttprequest"
   ],
   "urlFilter": "||target.georiot.com/proxy.ashx"
  },
  "id": 54
 },
 {
  "action": {
   "redirect": {
    "transform": {
     "queryTransform": {
      "removeParams": [
       "kamigame_source"
      ]
     }
    }
   },
   "type": "redirect"
  },
  "condition": {
   "requestDomains": [
    "kamigame.jp"
   ],
   "resourceTypes": [
    "main_frame",
    "sub_frame",
    "xmlhttprequest"
   ]
  },
  "id": 55
 },
 {
  "action": {
   "redirect": {
    "transform": {
     "queryTransform": {
      "removeParams": [
       "pr_prod_strat",
       "pr_rec_id",
       "pr_rec_pid",
       "pr_ref_pid",
       "pr_seq"
      ]
     }
    }
   },
   "type": "redirect"
  },
  "condition": {
   "requestDomains": [
    "shop.hololivepro.com"
   ],
   "resourceTypes": [
    "main_frame",
    "sub_frame",
    "xmlhttprequest"
   ]
  },
  "id": 56
 },
 {
  "action": {
   "redirect": {
    "transform": {
     "queryTransform": {
      "removeParams": [
       "pvid"
      ]
     }
    }
   },
   "type": "redirect"
  },
  "condition": {
   "requestDomains": [
    "taobao.com",
    "wq.jd.com"
   ],
   "resourceTypes": [
    "main_frame",
    "sub_frame",
    "xmlhttprequest"
   ]
  },
  "id": 57
 },
 {
  "action": {
   "redirect": {
    "transform": {
     "queryTransform": {
      "removeParams": [
       "tduid"
      ]
     }
    }
   },
   "type": "redirect"
  },
  "condition": {
   "requestDomains": [
    "microsoft.com",
    "redirects.tradedoubler.com"
   ],
   "resourceTypes": [
    "main_frame",
    "sub_frame",
    "xmlhttprequest"
   ]
  },
  "id": 58
 },
 {
  "action": {
   "redirect": {
    "transform": {
     "queryTransform": {
      "removeParams": [
       "PHGref",
       "cmt"
      ]
     }
    }
   },
   "type": "redirect"
  },
  "condition": {
   "requestDomains": [
    "coolblue.nl"
   ],
   "resourceTypes": [
    "main_frame",
    "sub_frame",
    "xmlhttprequest"
   ]
  },
  "id": 59
 },
 {
  "action": {
   "redirect": {
    "transform": {
     "queryTransform": {
      "removeParams": [
       "utmid"
      ]
     }
    }
   },
   "type": "redirect"
  },
  "condition": {
   "requestDomains": [
    "banggood.com"
   ],
   "resourceTypes": [
    "main_frame",
    "sub_frame",
    "xmlhttprequest"
   ]
  },
  "id": 60
 },
 {
  "action": {
   "redirect": {
    "transform": {
     "queryTransform": {
      "removeParams": [
       "gacd"
      ]
     }
    }
   },
   "type": "redirect"
  },
  "condition": {
   "requestDomains": [
    "dell.com"
   ],
   "resourceTypes": [
    "main_frame",
    "sub_frame",
    "xmlhttprequest"
   ]
  },
  "id": 61
 },
 {
  "action": {
   "redirect": {
    "transform": {
     "queryTransform": {
      "removeParams": [
       "%243p",
       "%7Ecampaign_id",
       "%7Eclick_id",
       "%7Esecondary_publisher",
       "ext"
      ]
     }
    }
   },
   "type": "redirect"
  },
  "condition": {
   "requestDomains": [
    "revolut.com"
   ],
   "resourceTypes": [
    "main_frame",
    "sub_frame",
    "xmlhttprequest"
   ]
  },
  "id": 62
 },
 {
  "action": {
   "redirect": {
    "transform": {
     "queryTransform": {
      "removeParams": [
       "adref",
       "partnerID",
       "partnerizecampaignID"
      ]
     }
    }
   },
   "type": "redirect"
  },
  "condition": {
   "requestDomains": [
    "wise.com"
   ],
   "resourceTypes": [
    "main_frame",
    "sub_frame",
    "xmlhttprequest"
   ]
  },
  "id": 63
 },
 {
  "action": {
   "redirect": {
    "transform": {
     "queryTransform": {
      "removeParams": [
       "enctid",
       "pub_id",
       "sid",
       "xid"
      ]
     }
    }
   },
   "type": "redirect"
  },
  "condition": {
   "isUrlFilterCaseSensitive": false,
   "resourceTypes": [
    "main_frame",
    "sub_frame",
    "xmlhttprequest"
   ],
   "urlFilter": "||join.worldoftanks."
  },
  "id": 64
 },
 {
  "action": {
   "redirect": {
    "transform": {
     "queryTransform": {
      "removeParams": [
       "par"
      ]
     }
    }
   },
   "type": "redirect"
  },
  "condition": {
   "isUrlFilterCaseSensitive": false,
   "resourceTypes": [
    "main_frame",
    "sub_frame",
    "xmlhttprequest"
   ],
   "urlFilter": "||weather.com"
  },
  "id": 65
 },
 {
  "action": {
   "redirect": {
    "transform": {
     "queryTransform": {
      "removeParams": [
       "bvuuid",
       "nvuuid"
      ]
     }
    }
   },
   "type": "redirect"
  },
  "condition": {
   "requestDomains": [
    "mirtesen.ru"
   ],
   "resourceTypes": [
    "main_frame",
    "sub_frame",
    "xmlhttprequest"
   ]
  },
  "id": 66
 },
 {
  "action": {
   "redirect": {
    "transform": {
     "queryTransform": {
      "removeParams": [
       "ad"
      ]
     }
    }
   },
   "type": "redirect"
  },
  "condition": {
   "requestDomains": [
    "mirtesen.ru",
    "xxvidsx.com"
   ],
   "resourceTypes": [
    "main_frame",
    "sub_frame",
    "xmlhttprequest"
   ]
  },
  "id": 67
 },
 {
  "action": {
   "redirect": {
    "transform": {
     "queryTransform": {
      "removeParams": [
       "oref"
      ]
     }
    }
   },
   "type": "redirect"
  },
  "condition": {
   "initiatorDomains": [
    "defenseone.com",
    "govexec.com",
    "nextgov.com",
    "route-fifty.com"
   ],
   "resourceTypes": [
    "main_frame",
    "sub_frame",
    "xmlhttprequest"
   ]
  },
  "id": 68
 },
 {
  "action": {
   "redirect": {
    "transform": {
     "queryTransform": {
      "removeParams": [
       "pos"
      ]
     }
    }
   },
   "type": "redirect"
  },
  "condition": {
   "isUrlFilterCaseSensitive": false,
   "resourceTypes": [
    "main_frame",
    "sub_frame",
    "xmlhttprequest"
   ],
   "urlFilter": "||heraldcorp.com/view.php"
  },
  "id": 69
 },
 {
  "action": {
   "redirect": {
    "transform": {
     "queryTransform": {
      "removeParams": [
       "channel",
       "gen",
       "subpid"
      ]
     }
    }
   },
   "type": "redirect"
  },
  "condition": {
   "requestDomains": [
    "toomics.com"
   ],
   "resourceTypes": [
    "main_frame",
    "sub_frame",
    "xmlhttprequest"
   ]
  },
  "id": 70
 },
 {
  "action": {
   "redirect": {
    "transform": {
     "queryTransform": {
      "removeParams": [
       "sxid",
       "ttorigin"
      ]
     }
    }
   },
   "type": "redirect"
  },
  "condition": {
   "requestDomains": [
    "get-express-vpns.com"
   ],
   "resourceTypes": [
    "main_frame",
    "sub_frame",
    "xmlhttprequest"
   ]
  },
  "id": 71
 },
 {
  "action": {
   "redirect": {
    "transform": {
     "queryTransform": {
      "removeParams": [
       "affil",
       "sv_campaign_id"
      ]
     }
    }
   },
   "type": "redirect"
  },
  "condition": {
   "requestDomains": [
    "zavvi.com"
   ],
   "resourceTypes": [
    "main_frame",
    "sub_frame",
    "xmlhttprequest"
   ]
  },
  "id": 72
 },
 {
  "action": {
   "redirect": {
    "transform": {
     "query": ""
    }
   },
   "type": "redirect"
  },
  "condition": {
   "isUrlFilterCaseSensitive": false,
   "resourceTypes": [
    "main_frame",
    "sub_frame",
    "xmlhttprequest"
   ],
   "urlFilter": "||mkaff.com/landings/"
  },
  "id": 73
 },
 {
  "action": {
   "redirect": {
    "transform": {
     "queryTransform": {
      "removeParams": [
       "laz_trackid",
       "mkttid"
      ]
     }
    }
   },
   "type": "redirect"
  },
  "condition": {
   "requestDomains": [
    "lazada.vn"
   ],
   "resourceTypes": [
    "main_frame",
    "sub_frame",
    "xmlhttprequest"
   ]
  },
  "id": 74
 },
 {
  "action": {
   "redirect": {
    "transform": {
     "queryTransform": {
      "removeParams": [
       "spm"
      ]
     }
    }
   },
   "type": "redirect"
  },
  "condition": {
   "requestDomains": [
    "lazada.com.ph",
    "sohu.com",
    "v.youku.com"
   ],
   "resourceTypes": [
    "main_frame",
    "sub_frame",
    "xmlhttprequest"
   ]
  },
  "id": 75
 },
 {
  "action": {
   "redirect": {
    "transform": {
     "queryTransform": {
      "removeParams": [
       "scm"
      ]
     }
    }
   },
   "type": "redirect"
  },
  "condition": {
   "requestDomains": [
    "aliyun.com",
    "lazada.com.ph",
    "sohu.com",
    "taobao.com",
    "v.youku.com"
   ],
   "resourceTypes": [
    "main_frame",
    "sub_frame",
    "xmlhttprequest"
   ]
  },
  "id": 76
 },
 {
  "action": {
   "redirect": {
    "transform": {
     "queryTransform": {
      "removeParams": [
       "acm",
       "clickTrackInfo"
      ]
     }
    }
   },
   "type": "redirect"
  },
  "condition": {
   "requestDomains": [
    "lazada.com.ph"
   ],
   "resourceTypes": [
    "main_frame",
    "sub_frame",
    "xmlhttprequest"
   ]
  },
  "id": 77
 },
 {
  "action": {
   "redirect": {
    "transform": {
     "queryTransform": {
      "removeParams": [
       "__tn__",
       "c[0]",
       "fbclid",
       "h"
      ]
     }
    }
   },
   "type": "redirect"
  },
  "condition": {
   "isUrlFilterCaseSensitive": false,
   "resourceTypes": [
    "main_frame",
    "sub_frame",
    "xmlhttprequest"
   ],
   "urlFilter": "||trib.al"
  },
  "id": 78
 },
 {
  "action": {
   "redirect": {
    "transform": {
     "queryTransform": {
      "removeParams": [
       "c"
      ]
     }
    }
   },
   "type": "redirect"
  },
  "condition": {
   "isUrlFilterCaseSensitive": false,
   "resourceTypes": [
    "main_frame",
    "sub_frame",
    "xmlhttprequest"
   ],
   "urlFilter": "||qcplay.co.jp/?shortlink=*&c="
  },
  "id": 79
 },
 {
  "action": {
   "redirect": {
    "transform": {
     "queryTransform": {
      "removeParams": [
       "ct"
      ]
     }
    }
   },
   "type": "redirect"
  },
  "condition": {
   "requestDomains": [
    "apple.com",
    "giphy.com"
   ],
   "resourceTypes": [
    "main_frame",
    "sub_frame",
    "xmlhttprequest"
   ]
  },
  "id": 80
 },
 {
  "action": {
   "redirect": {
    "transform": {
     "queryTransform": {
      "removeParams": [
       "rid"
      ]
     }
    }
   },
   "type": "redirect"
  },
  "condition": {
   "requestDomains": [
    "giphy.com"
   ],
   "resourceTypes": [
    "main_frame",
    "sub_frame",
    "xmlhttprequest"
   ]
  },
  "id": 81
 },
 {
  "action": {
   "redirect": {
    "transform": {
     "queryTransform": {
      "removeParams": [
       "ref"
      ]
     }
    }
   },
   "type": "redirect"
  },
  "condition": {
   "initiatorDomains": [
    "animember.net",
    "bipblog.com",
    "jin115.com"
   ],
   "resourceTypes": [
    "main_frame",
    "sub_frame",
    "xmlhttprequest"
   ]
  },
  "id": 82
 },
 {
  "action": {
   "redirect": {
    "transform": {
     "queryTransform": {
      "removeParams": [
       "g_clk"
      ]
     }
    }
   },
   "type": "redirect"
  },
  "condition": {
   "requestDomains": [
    "cinematoday.jp"
   ],
   "resourceTypes": [
    "main_frame",
    "sub_frame",
    "xmlhttprequest"
   ]
  },
  "id": 83
 },
 {
  "action": {
   "redirect": {
    "transform": {
     "queryTransform": {
      "removeParams": [
       "site"
      ]
     }
    }
   },
   "type": "redirect"
  },
  "condition": {
   "requestDomains": [
    "xxvidsx.com"
   ],
   "resourceTypes": [
    "main_frame",
    "sub_frame",
    "xmlhttprequest"
   ]
  },
  "id": 84
 },
 {
  "action": {
   "redirect": {
    "transform": {
     "queryTransform": {
      "removeParams": [
       "Referer"
      ]
     }
    }
   },
   "type": "redirect"
  },
  "condition": {
   "requestDomains": [
    "rapidgator.net"
   ],
   "resourceTypes": [
    "main_frame",
    "sub_frame",
    "xmlhttprequest"
   ]
  },
  "id": 85
 },
 {
  "action": {
   "redirect": {
    "transform": {
     "queryTransform": {
      "removeParams": [
       "atlOrigin"
      ]
     }
    }
   },
   "type": "redirect"
  },
  "condition": {
   "requestDomains": [
    "atlassian.net"
   ],
   "resourceTypes": [
    "main_frame",
    "sub_frame",
    "xmlhttprequest"
   ]
  },
  "id": 86
 },
 {
  "action": {
   "redirect": {
    "transform": {
     "queryTransform": {
      "removeParams": [
       "SmRcid"
      ]
     }
    }
   },
   "type": "redirect"
  },
  "condition": {
   "requestDomains": [
    "so-net.ne.jp"
   ],
   "resourceTypes": [
    "main_frame",
    "sub_frame",
    "xmlhttprequest"
   ]
  },
  "id": 87
 },
 {
  "action": {
   "redirect": {
    "transform": {
     "queryTransform": {
      "removeParams": [
       "frm_id"
      ]
     }
    }
   },
   "type": "redirect"
  },
  "condition": {
   "requestDomains": [
    "ameblo.jp"
   ],
   "resourceTypes": [
    "main_frame",
    "sub_frame",
    "xmlhttprequest"
   ]
  },
  "id": 88
 },
 {
  "action": {
   "redirect": {
    "transform": {
     "queryTransform": {
      "removeParams": [
       "click_id"
      ]
     }
    }
   },
   "type": "redirect"
  },
  "condition": {
   "requestDomains": [
    "cancanlah.com"
   ],
   "resourceTypes": [
    "main_frame",
    "sub_frame",
    "xmlhttprequest"
   ]
  },
  "id": 89
 },
 {
  "action": {
   "redirect": {
    "transform": {
     "queryTransform": {
      "removeParams": [
       "elqTrackId"
      ]
     }
    }
   },
   "type": "redirect"
  },
  "condition": {
   "requestDomains": [
    "lp.sophos.com"
   ],
   "resourceTypes": [
    "main_frame",
    "sub_frame",
    "xmlhttprequest"
   ]
  },
  "id": 90
 },
 {
  "action": {
   "redirect": {
    "transform": {
     "queryTransform": {
      "removeParams": [
       "playeranalytics",
       "targetedlink"
      ]
     }
    }
   },
   "type": "redirect"
  },
  "condition": {
   "requestDomains": [
    "player.theplatform.com"
   ],
   "resourceTypes": [
    "main_frame",
    "sub_frame",
    "xmlhttprequest"
   ]
  },
  "id": 91
 },
 {
  "action": {
   "redirect": {
    "transform": {
     "queryTransform": {
      "removeParams": [
       "lkid"
      ]
     }
    }
   },
   "type": "redirect"
  },
  "condition": {
   "requestDomains": [
    "gearbest.com"
   ],
   "resourceTypes": [
    "main_frame",
    "sub_frame",
    "xmlhttprequest"
   ]
  },
  "id": 92
 },
 {
  "action": {
   "redirect": {
    "transform": {
     "queryTransform": {
      "removeParams": [
       "tm_hem",
       "wmc",
       "wt_cd"
      ]
     }
    }
   },
   "type": "redirect"
  },
  "condition": {
   "isUrlFilterCaseSensitive": false,
   "resourceTypes": [
    "main_frame",
    "sub_frame",
    "xmlhttprequest"
   ],
   "urlFilter": "||zalando."
  },
  "id": 93
 },
 {
  "action": {
   "redirect": {
    "transform": {
     "queryTransform": {
      "removeParams": [
       "_unique_id",
       "feed_id"
      ]
     }
    }
   },
   "type": "redirect"
  },
  "condition": {
   "requestDomains": [
    "iguru.gr"
   ],
   "resourceTypes": [
    "main_frame",
    "sub_frame",
    "xmlhttprequest"
   ]
  },
  "id": 94
 },
 {
  "action": {
   "redirect": {
    "transform": {
     "queryTransform": {
      "removeParams": [
       "al_imp",
       "uid"
      ]
     }
    }
   },
   "type": "redirect"
  },
  "condition": {
   "isUrlFilterCaseSensitive": false,
   "resourceTypes": [
    "main_frame",
    "sub_frame",
    "xmlhttprequest"
   ],
   "urlFilter": "||quora.com/qemail/tc?"
  },
  "id": 95
 },
 {
  "action": {
   "redirect": {
    "transform": {
     "queryTransform": {
      "removeParams": [
       "hmb_campaign",
       "hmb_medium",
       "hmb_source",
       "linkID",
       "mcID"
      ]
     }
    }
   },
   "type": "redirect"
  },
  "condition": {
   "requestDomains": [
    "humblebundle.com"
   ],
   "resourceTypes": [
    "main_frame",
    "sub_frame",
    "xmlhttprequest"
   ]
  },
  "id": 96
 },
 {
  "action": {
   "redirect": {
    "transform": {
     "queryTransform": {
      "removeParams": [
       "rf"
      ]
     }
    }
   },
   "type": "redirect"
  },
  "condition": {
   "requestDomains": [
    "netkeiba.com"
   ],
   "resourceTypes": [
    "main_frame",
    "sub_frame",
    "xmlhttprequest"
   ]
  },
  "id": 97
 },
 {
  "action": {
   "redirect": {
    "transform": {
     "queryTransform": {
      "removeParams": [
       "telemetry-client-id"
      ]
     }
    }
   },
   "type": "redirect"
  },
  "condition": {
   "requestDomains": [
    "services.addons.mozilla.org"
   ],
   "resourceTypes": [
    "main_frame",
    "sub_frame",
    "xmlhttprequest"
   ]
  },
  "id": 98
 },
 {
  "action": {
   "redirect": {
    "transform": {
     "queryTransform": {
      "removeParams": [
       "attribution_code",
       "attribution_sig"
      ]
     }
    }
   },
   "type": "redirect"
  },
  "condition": {
   "requestDomains": [
    "download.mozilla.org"
   ],
   "resourceTypes": [
    "main_frame",
    "sub_frame",
    "xmlhttprequest"
   ]
  },
  "id": 99
 },
 {
  "action": {
   "redirect": {
    "transform": {
     "queryTransform": {
      "removeParams": [
       "oref"
      ]
     }
    }
   },
   "type": "redirect"
  },
  "condition": {
   "requestDomains": [
    "defenseone.com",
    "nextgov.com"
   ],
   "resourceTypes": [
    "main_frame",
    "sub_frame",
    "xmlhttprequest"
   ]
  },
  "id": 100
 },
 {
  "action": {
   "redirect": {
    "transform": {
     "queryTransform": {
      "removeParams": [
       "asb2"
      ]
     }
    }
   },
   "type": "redirect"
  },
  "condition": {
   "requestDomains": [
    "ozon.ru"
   ],
   "resourceTypes": [
    "main_frame",
    "sub_frame",
    "xmlhttprequest"
   ]
  },
  "id": 101
 },
 {
  "action": {
   "redirect": {
    "transform": {
     "queryTransform": {
      "removeParams": [
       "clickout_id",
       "pageview_id",
       "vid"
      ]
     }
    }
   },
   "type": "redirect"
  },
  "condition": {
   "isUrlFilterCaseSensitive": false,
   "resourceTypes": [
    "main_frame",
    "sub_frame",
    "xmlhttprequest"
   ],
   "urlFilter": "||wizcase.com/?"
  },
  "id": 102
 },
 {
  "action": {
   "redirect": {
    "transform": {
     "queryTransform": {
      "removeParams": [
       "sharedid"
      ]
     }
    }
   },
   "type": "redirect"
  },
  "condition": {
   "requestDomains": [
    "microsoft.msafflnk.net"
   ],
   "resourceTypes": [
    "main_frame",
    "sub_frame",
    "xmlhttprequest"
   ]
  },
  "id": 103
 },
 {
  "action": {
   "redirect": {
    "transform": {
     "queryTransform": {
      "removeParams": [
       "cid"
      ]
     }
    }
   },
   "type": "redirect"
  },
  "condition": {
   "isUrlFilterCaseSensitive": false,
   "resourceTypes": [
    "main_frame",
    "sub_frame",
    "xmlhttprequest"
   ],
   "urlFilter": "||ojrq.net/p/"
  },
  "id": 104
 },
 {
  "action": {
   "redirect": {
    "transform": {
     "queryTransform": {
      "removeParams": [
       "u1",
       "u2"
      ]
     }
    }
   },
   "type": "redirect"
  },
  "condition": {
   "isUrlFilterCaseSensitive": false,
   "resourceTypes": [
    "main_frame",
    "sub_frame",
    "xmlhttprequest"
   ],
   "urlFilter": "||click.linksynergy.com/fs-bin/click?id="
  },
  "id": 105
 },
 {
  "action": {
   "redirect": {
    "transform": {
     "queryTransform": {
      "removeParams": [
       "~r"
      ]
     }
    }
   },
   "type": "redirect"
  },
  "condition": {
   "requestDomains": [
    "go.mysku.ru"
   ],
   "resourceTypes": [
    "main_frame",
    "sub_frame",
    "xmlhttprequest"
   ]
  },
  "id": 106
 },
 {
  "action": {
   "redirect": {
    "transform": {
     "queryTransform": {
      "removeParams": [
       "pt"
      ]
     }
    }
   },
   "type": "redirect"
  },
  "condition": {
   "requestDomains": [
    "apple.com"
   ],
   "resourceTypes": [
    "main_frame",
    "sub_frame",
    "xmlhttprequest"
   ]
  },
  "id": 107
 },
 {
  "action": {
   "redirect": {
    "transform": {
     "queryTransform": {
      "removeParams": [
       "ActionID",
       "AffiliateID",
       "campid"
      ]
     }
    }
   },
   "type": "redirect"
  },
  "condition": {
   "initiatorDomains": [
    "otto.de",
    "ottoversand.at"
   ],
   "resourceTypes": [
    "main_frame",
    "sub_frame",
    "xmlhttprequest"
   ]
  },
  "id": 108
 },
 {
  "action": {
   "redirect": {
    "transform": {
     "queryTransform": {
      "removeParams": [
       "i",
       "p",
       "px",
       "py",
       "s",
       "sx",
       "sy",
       "time"
      ]
     }
    }
   },
   "type": "redirect"
  },
  "condition": {
   "isUrlFilterCaseSensitive": false,
   "resourceTypes": [
    "main_frame",
    "sub_frame",
    "xmlhttprequest"
   ],
   "urlFilter": "||search.naver.com/p/crd/rd"
  },
  "id": 109
 },
 {
  "action": {
   "redirect": {
    "transform": {
     "queryTransform": {
      "removeParams": [
       "mindbox-click-id"
      ]
     }
    }
   },
   "type": "redirect"
  },
  "condition": {
   "isUrlFilterCaseSensitive": false,
   "resourceTypes": [
    "main_frame",
    "sub_frame",
    "xmlhttprequest"
   ],
   "urlFilter": "||journal.tinkoff.ru"
  },
  "id": 110
 },
 {
  "action": {
   "redirect": {
    "transform": {
     "queryTransform": {
      "removeParams": [
       "ref_kind",
       "ref_no"
      ]
     }
    }
   },
   "type": "redirect"
  },
  "condition": {
   "requestDomains": [
    "coconala.com"
   ],
   "resourceTypes": [
    "main_frame",
    "sub_frame",
    "xmlhttprequest"
   ]
  },
  "id": 111
 },
 {
  "action": {
   "redirect": {
    "transform": {
     "queryTransform": {
      "removeParams": [
       "trk"
      ]
     }
    }
   },
   "type": "redirect"
  },
  "condition": {
   "requestDomains": [
    "xkcd.com"
   ],
   "resourceTypes": [
    "main_frame",
    "sub_frame",
    "xmlhttprequest"
   ]
  },
  "id": 112
 },
 {
  "action": {
   "redirect": {
    "transform": {
     "queryTransform": {
      "removeParams": [
       "pc"
      ]
     }
    }
   },
   "type": "redirect"
  },
  "condition": {
   "requestDomains": [
    "msn.com"
   ],
   "resourceTypes": [
    "main_frame",
    "sub_frame",
    "xmlhttprequest"
   ]
  },
  "id": 113
 },
 {
  "action": {
   "redirect": {
    "transform": {
     "queryTransform": {
      "removeParams": [
       "code"
      ]
     }
    }
   },
   "type": "redirect"
  },
  "condition": {
   "requestDomains": [
    "approach.yahoo.co.jp"
   ],
   "resourceTypes": [
    "main_frame",
    "sub_frame",
    "xmlhttprequest"
   ]
  },
  "id": 114
 },
 {
  "action": {
   "redirect": {
    "transform": {
     "queryTransform": {
      "removeParams": [
       "activityId",
       "app_pvid",
       "ptl",
       "traceId",
       "utparam",
       "xId"
      ]
     }
    }
   },
   "type": "redirect"
  },
  "condition": {
   "requestDomains": [
    "taobao.com"
   ],
   "resourceTypes": [
    "main_frame",
    "sub_frame",
    "xmlhttprequest"
   ]
  },
  "id": 115
 },
 {
  "action": {
   "redirect": {
    "transform": {
     "queryTransform": {
      "removeParams": [
       "ali_trackid",
       "bxsign"
      ]
     }
    }
   },
   "type": "redirect"
  },
  "condition": {
   "requestDomains": [
    "tmall.com"
   ],
   "resourceTypes": [
    "main_frame",
    "sub_frame",
    "xmlhttprequest"
   ]
  },
  "id": 116
 },
 {
  "action": {
   "redirect": {
    "transform": {
     "queryTransform": {
      "removeParams": [
       "union_lens"
      ]
     }
    }
   },
   "type": "redirect"
  },
  "condition": {
   "initiatorDomains": [
    "taobao.com",
    "tmall.com"
   ],
   "resourceTypes": [
    "main_frame",
    "sub_frame",
    "xmlhttprequest"
   ]
  },
  "id": 117
 },
 {
  "action": {
   "redirect": {
    "transform": {
     "queryTransform": {
      "removeParams": [
       "aff_fcid",
       "aff_fsk",
       "aff_platform",
       "aff_short_key",
       "aff_trace_key",
       "algo_pvid",
       "curPageLogUid",
       "dp",
       "pdp_npi",
       "pvid",
       "scm",
       "scm-url",
       "scm_id",
       "sk",
       "spm",
       "terminal_id",
       "utparam"
      ]
     }
    }
   },
   "type": "redirect"
  },
  "condition": {
   "isUrlFilterCaseSensitive": false,
   "resourceTypes": [
    "main_frame",
    "sub_frame",
    "xmlhttprequest"
   ],
   "urlFilter": "||aliexpress."
  },
  "id": 118
 },
 {
  "action": {
   "redirect": {
    "transform": {
     "queryTransform": {
      "removeParams": [
       "source"
      ]
     }
    }
   },
   "type": "redirect"
  },
  "condition": {
   "isUrlFilterCaseSensitive": false,
   "resourceTypes": [
    "main_frame",
    "sub_frame",
    "xmlhttprequest"
   ],
   "urlFilter": "||github.com/signup"
  },
  "id": 119
 },
 {
  "action": {
   "redirect": {
    "transform": {
     "queryTransform": {
      "removeParams": [
       "l-id"
      ]
     }
    }
   },
   "type": "redirect"
  },
  "condition": {
   "initiatorDomains": [
    "nikki.ne.jp",
    "rakuten.co.jp",
    "rebates.jp"
   ],
   "resourceTypes": [
    "main_frame",
    "sub_frame",
    "xmlhttprequest"
   ]
  },
  "id": 120
 },
 {
  "action": {
   "redirect": {
    "transform": {
     "queryTransform": {
      "removeParams": [
       "scid"
      ]
     }
    }
   },
   "type": "redirect"
  },
  "condition": {
   "initiatorDomains": [
    "rakuten-wallet.co.jp",
    "rakuten.co.jp"
   ],
   "resourceTypes": [
    "main_frame",
    "sub_frame",
    "xmlhttprequest"
   ]
  },
  "id": 121
 },
 {
  "action": {
   "redirect": {
    "transform": {
     "queryTransform": {
      "removeParams": [
       "sc2id"
      ]
     }
    }
   },
   "type": "redirect"
  },
  "condition": {
   "requestDomains": [
    "rakuten.co.jp"
   ],
   "resourceTypes": [
    "main_frame",
    "sub_frame",
    "xmlhttprequest"
   ]
  },
  "id": 122
 },
 {
  "action": {
   "redirect": {
    "transform": {
     "queryTransform": {
      "removeParams": [
       "affitest"
      ]
     }
    }
   },
   "type": "redirect"
  },
  "condition": {
   "isUrlFilterCaseSensitive": false,
   "resourceTypes": [
    "main_frame",
    "sub_frame",
    "xmlhttprequest"
   ],
   "urlFilter": "||azby.fmworld.net/cgi-bin/common/rd.cgi?"
  },
  "id": 123
 },
 {
  "action": {
   "redirect": {
    "transform": {
     "queryTransform": {
      "removeParams": [
       "mc_pc"
      ]
     }
    }
   },
   "type": "redirect"
  },
  "condition": {
   "requestDomains": [
    "azby.fmworld.net"
   ],
   "resourceTypes": [
    "main_frame",
    "sub_frame",
    "xmlhttprequest"
   ]
  },
  "id": 124
 },
 {
  "action": {
   "redirect": {
    "transform": {
     "queryTransform": {
      "removeParams": [
       "fr"
      ]
     }
    }
   },
   "type": "redirect"
  },
  "condition": {
   "requestDomains": [
    "search.yahoo.co.jp",
    "toku.yahoo.co.jp"
   ],
   "resourceTypes": [
    "main_frame",
    "sub_frame",
    "xmlhttprequest"
   ]
  },
  "id": 125
 },
 {
  "action": {
   "redirect": {
    "transform": {
     "queryTransform": {
      "removeParams": [
       "i_cid"
      ]
     }
    }
   },
   "type": "redirect"
  },
  "condition": {
   "requestDomains": [
    "nikkei.com",
    "nikkeibp.co.jp"
   ],
   "resourceTypes": [
    "main_frame",
    "sub_frame",
    "xmlhttprequest"
   ]
  },
  "id": 126
 },
 {
  "action": {
   "redirect": {
    "transform": {
     "queryTransform": {
      "removeParams": [
       "n_cid"
      ]
     }
    }
   },
   "type": "redirect"
  },
  "condition": {
   "requestDomains": [
    "nikkei.com"
   ],
   "resourceTypes": [
    "main_frame",
    "sub_frame",
    "xmlhttprequest"
   ]
  },
  "id": 127
 },
 {
  "action": {
   "redirect": {
    "transform": {
     "queryTransform": {
      "removeParams": [
       "affid"
      ]
     }
    }
   },
   "type": "redirect"
  },
  "condition": {
   "requestDomains": [
    "cyberlink.com",
    "flipkart.com"
   ],
   "resourceTypes": [
    "main_frame",
    "sub_frame",
    "xmlhttprequest"
   ]
  },
  "id": 128
 },
 {
  "action": {
   "redirect": {
    "transform": {
     "queryTransform": {
      "removeParams": [
       "adclid"
      ]
     }
    }
   },
   "type": "redirect"
  },
  "condition": {
   "requestDomains": [
    "zestradar.com"
   ],
   "resourceTypes": [
    "main_frame",
    "sub_frame",
    "xmlhttprequest"
   ]
  },
  "id": 129
 },
 {
  "action": {
   "redirect": {
    "transform": {
     "queryTransform": {
      "removeParams": [
       "extra",
       "id"
      ]
     }
    }
   },
   "type": "redirect"
  },
  "condition": {
   "isUrlFilterCaseSensitive": false,
   "resourceTypes": [
    "main_frame",
    "sub_frame",
    "xmlhttprequest"
   ],
   "urlFilter": "||hit.gemius.pl/hitredir"
  },
  "id": 130
 },
 {
  "action": {
   "redirect": {
    "transform": {
     "queryTransform": {
      "removeParams": [
       "bc_pid",
       "obem"
      ]
     }
    }
   },
   "type": "redirect"
  },
  "condition": {
   "requestDomains": [
    "adorama.com"
   ],
   "resourceTypes": [
    "main_frame",
    "sub_frame",
    "xmlhttprequest"
   ]
  },
  "id": 131
 },
 {
  "action": {
   "redirect": {
    "transform": {
     "queryTransform": {
      "removeParams": [
       "adgroup"
      ]
     }
    }
   },
   "type": "redirect"
  },
  "condition": {
   "requestDomains": [
    "adjust.com"
   ],
   "resourceTypes": [
    "main_frame",
    "sub_frame",
    "xmlhttprequest"
   ]
  },
  "id": 132
 },
 {
  "action": {
   "redirect": {
    "transform": {
     "queryTransform": {
      "removeParams": [
       "sec_uid",
       "share_app_id",
       "share_author_id",
       "tt_from",
       "web_id"
      ]
     }
    }
   },
   "type": "redirect"
  },
  "condition": {
   "requestDomains": [
    "tiktok.com"
   ],
   "resourceTypes": [
    "main_frame",
    "sub_frame",
    "xmlhttprequest"
   ]
  },
  "id": 133
 },
 {
  "action": {
   "redirect": {
    "transform": {
     "queryTransform": {
      "removeParams": [
       "adblock",
       "compact_view",
       "dnt",
       "geoip_country",
       "referrer_domain",
       "referrer_url"
      ]
     }
    }
   },
   "type": "redirect"
  },
  "condition": {
   "requestDomains": [
    "reddit.app.link"
   ],
   "resourceTypes": [
    "main_frame",
    "sub_frame",
    "xmlhttprequest"
   ]
  },
  "id": 134
 },
 {
  "action": {
   "redirect": {
    "transform": {
     "queryTransform": {
      "removeParams": [
       "impressionId"
      ]
     }
    }
   },
   "type": "redirect"
  },
  "condition": {
   "requestDomains": [
    "dmkt-sp.jp"
   ],
   "resourceTypes": [
    "main_frame",
    "sub_frame",
    "xmlhttprequest"
   ]
  },
  "id": 135
 },
 {
  "action": {
   "redirect": {
    "transform": {
     "queryTransform": {
      "removeParams": [
       "dmmref",
       "i3_ord",
       "i3_ref"
      ]
     }
    }
   },
   "type": "redirect"
  },
  "condition": {
   "requestDomains": [
    "dmm.co.jp"
   ],
   "resourceTypes": [
    "main_frame",
    "sub_frame",
    "xmlhttprequest"
   ]
  },
  "id": 136
 },
 {
  "action": {
   "redirect": {
    "transform": {
     "queryTransform": {
      "removeParams": [
       "correlation_id",
       "post_fullname",
       "ref_campaign",
       "ref_source"
      ]
     }
    }
   },
   "type": "redirect"
  },
  "condition": {
   "requestDomains": [
    "reddit.com"
   ],
   "resourceTypes": [
    "main_frame",
    "sub_frame",
    "xmlhttprequest"
   ]
  },
  "id": 137
 },
 {
  "action": {
   "redirect": {
    "transform": {
     "queryTransform": {
      "removeParams": [
       "CollectionId",
       "adjust_deeplink"
      ]
     }
    }
   },
   "type": "redirect"
  },
  "condition": {
   "requestDomains": [
    "adj.st"
   ],
   "resourceTypes": [
    "main_frame",
    "sub_frame",
    "xmlhttprequest"
   ]
  },
  "id": 138
 },
 {
  "action": {
   "redirect": {
    "transform": {
     "queryTransform": {
      "removeParams": [
       "af",
       "key5sk1",
       "track"
      ]
     }
    }
   },
   "type": "redirect"
  },
  "condition": {
   "requestDomains": [
    "comodo.com"
   ],
   "resourceTypes": [
    "main_frame",
    "sub_frame",
    "xmlhttprequest"
   ]
  },
  "id": 139
 },
 {
  "action": {
   "redirect": {
    "transform": {
     "queryTransform": {
      "removeParams": [
       "lptag"
      ]
     }
    }
   },
   "type": "redirect"
  },
  "condition": {
   "requestDomains": [
    "link.coupang.com"
   ],
   "resourceTypes": [
    "main_frame",
    "sub_frame",
    "xmlhttprequest"
   ]
  },
  "id": 140
 },
 {
  "action": {
   "redirect": {
    "transform": {
     "queryTransform": {
      "removeParams": [
       "src"
      ]
     }
    }
   },
   "type": "redirect"
  },
  "condition": {
   "requestDomains": [
    "wuzhuiso.com"
   ],
   "resourceTypes": [
    "main_frame",
    "sub_frame",
    "xmlhttprequest"
   ]
  },
  "id": 141
 },
 {
  "action": {
   "redirect": {
    "transform": {
     "queryTransform": {
      "removeParams": [
       "data1"
      ]
     }
    }
   },
   "type": "redirect"
  },
  "condition": {
   "requestDomains": [
    "nordvpn.com"
   ],
   "resourceTypes": [
    "main_frame",
    "sub_frame",
    "xmlhttprequest"
   ]
  },
  "id": 142
 },
 {
  "action": {
   "redirect": {
    "transform": {
     "queryTransform": {
      "removeParams": [
       "UTM_MEDIUM"
      ]
     }
    }
   },
   "type": "redirect"
  },
  "condition": {
   "requestDomains": [
    "upgrad.com"
   ],
   "resourceTypes": [
    "main_frame",
    "sub_frame",
    "xmlhttprequest"
   ]
  },
  "id": 143
 },
 {
  "action": {
   "redirect": {
    "transform": {
     "queryTransform": {
      "removeParams": [
       "traffic_source"
      ]
     }
    }
   },
   "type": "redirect"
  },
  "condition": {
   "requestDomains": [
    "adweek.com"
   ],
   "resourceTypes": [
    "main_frame",
    "sub_frame",
    "xmlhttprequest"
   ]
  },
  "id": 144
 },
 {
  "action": {
   "redirect": {
    "transform": {
     "queryTransform": {
      "removeParams": [
       "aid"
      ]
     }
    }
   },
   "type": "redirect"
  },
  "condition": {
   "initiatorDomains": [
    "adguard-dns.com",
    "adguard-vpn.com",
    "adguard.com"
   ],
   "resourceTypes": [
    "main_frame",
    "sub_frame",
    "xmlhttprequest"
   ]
  },
  "id": 145
 },
 {
  "action": {
   "redirect": {
    "transform": {
     "queryTransform": {
      "removeParams": [
       "_ref",
       "ab"
      ]
     }
    }
   },
   "type": "redirect"
  },
  "condition": {
   "requestDomains": [
    "kitbag.com"
   ],
   "resourceTypes": [
    "main_frame",
    "sub_frame",
    "xmlhttprequest"
   ]
  },
  "id": 146
 },
 {
  "action": {
   "redirect": {
    "transform": {
     "queryTransform": {
      "removeParams": [
       "guid"
      ]
     }
    }
   },
   "type": "redirect"
  },
  "condition": {
   "requestDomains": [
    "web.vstat.info"
   ],
   "resourceTypes": [
    "main_frame",
    "sub_frame",
    "xmlhttprequest"
   ]
  },
  "id": 147
 },
 {
  "action": {
   "redirect": {
    "transform": {
     "queryTransform": {
      "removeParams": [
       "adtag"
      ]
     }
    }
   },
   "type": "redirect"
  },
  "condition": {
   "requestDomains": [
    "start.pm.by"
   ],
   "resourceTypes": [
    "main_frame",
    "sub_frame",
    "xmlhttprequest"
   ]
  },
  "id": 148
 },
 {
  "action": {
   "redirect": {
    "transform": {
     "queryTransform": {
      "removeParams": [
       "cbqsid"
      ]
     }
    }
   },
   "type": "redirect"
  },
  "condition": {
   "requestDomains": [
    "redhotpawn.com"
   ],
   "resourceTypes": [
    "main_frame",
    "sub_frame",
    "xmlhttprequest"
   ]
  },
  "id": 149
 },
 {
  "action": {
   "redirect": {
    "transform": {
     "queryTransform": {
      "removeParams": [
       "_ga",
       "tyutm_campaign",
       "tyutm_medium",
       "tyutm_source",
       "utm_subaff"
      ]
     }
    }
   },
   "type": "redirect"
  },
  "condition": {
   "requestDomains": [
    "trendyol.com"
   ],
   "resourceTypes": [
    "main_frame",
    "sub_frame",
    "xmlhttprequest"
   ]
  },
  "id": 150
 },
 {
  "action": {
   "redirect": {
    "transform": {
     "queryTransform": {
      "removeParams": [
       "a",
       "bw",
       "nsc",
       "px",
       "py",
       "sx",
       "sy"
      ]
     }
    }
   },
   "type": "redirect"
  },
  "condition": {
   "isUrlFilterCaseSensitive": false,
   "resourceTypes": [
    "main_frame",
    "sub_frame",
    "xmlhttprequest"
   ],
   "urlFilter": "||cc.loginfra.com/cc"
  },
  "id": 151
 },
 {
  "action": {
   "redirect": {
    "transform": {
     "queryTransform": {
      "removeParams": [
       "osusume_banner"
      ]
     }
    }
   },
   "type": "redirect"
  },
  "condition": {
   "requestDomains": [
    "dengekionline.com"
   ],
   "resourceTypes": [
    "main_frame",
    "sub_frame",
    "xmlhttprequest"
   ]
  },
  "id": 152
 },
 {
  "action": {
   "redirect": {
    "transform": {
     "queryTransform": {
      "removeParams": [
       "spm"
      ]
     }
    }
   },
   "type": "redirect"
  },
  "condition": {
   "initiatorDomains": [
    "aliyun.com",
    "sohu.com"
   ],
   "resourceTypes": [
    "main_frame",
    "sub_frame",
    "xmlhttprequest"
   ]
  },
  "id": 153
 },
 {
  "action": {
   "redirect": {
    "transform": {
     "queryTransform": {
      "removeParams": [
       "dt_dapp"
      ]
     }
    }
   },
   "type": "redirect"
  },
  "condition": {
   "initiatorDomains": [
    "163.com",
    "douban.com"
   ],
   "resourceTypes": [
    "main_frame",
    "sub_frame",
    "xmlhttprequest"
   ]
  },
  "id": 154
 },
 {
  "action": {
   "redirect": {
    "transform": {
     "queryTransform": {
      "removeParams": [
       "pcampaignid"
      ]
     }
    }
   },
   "type": "redirect"
  },
  "condition": {
   "isUrlFilterCaseSensitive": false,
   "resourceTypes": [
    "main_frame",
    "sub_frame",
    "xmlhttprequest"
   ],
   "urlFilter": "||play.google.com/store/"
  },
  "id": 155
 },
 {
  "action": {
   "redirect": {
    "transform": {
     "queryTransform": {
      "removeParams": [
       "ip"
      ]
     }
    }
   },
   "type": "redirect"
  },
  "condition": {
   "requestDomains": [
    "cyber-ad01.cc"
   ],
   "resourceTypes": [
    "main_frame",
    "sub_frame",
    "xmlhttprequest"
   ]
  },
  "id": 156
 },
 {
  "action": {
   "redirect": {
    "transform": {
     "queryTransform": {
      "removeParams": [
       "q",
       "searchId"
      ]
     }
    }
   },
   "type": "redirect"
  },
  "condition": {
   "isUrlFilterCaseSensitive": false,
   "resourceTypes": [
    "main_frame",
    "sub_frame",
    "xmlhttprequest"
   ],
   "urlFilter": "||coupang.com/*/products/"
  },
  "id": 157
 },
 {
  "action": {
   "redirect": {
    "transform": {
     "queryTransform": {
      "removeParams": [
       "traceid",
       "wPcid",
       "wRef",
       "wTime"
      ]
     }
    }
   },
   "type": "redirect"
  },
  "condition": {
   "requestDomains": [
    "coupang.com"
   ],
   "resourceTypes": [
    "main_frame",
    "sub_frame",
    "xmlhttprequest"
   ]
  },
  "id": 158
 },
 {
  "action": {
   "redirect": {
    "transform": {
     "queryTransform": {
      "removeParams": [
       "a_aid"
      ]
     }
    }
   },
   "type": "redirect"
  },
  "condition": {
   "initiatorDomains": [
    "expressvpn.com",
    "vpnarea.com"
   ],
   "resourceTypes": [
    "main_frame",
    "sub_frame",
    "xmlhttprequest"
   ]
  },
  "id": 159
 },
 {
  "action": {
   "redirect": {
    "transform": {
     "queryTransform": {
      "removeParams": [
       "ad"
      ]
     }
    }
   },
   "type": "redirect"
  },
  "condition": {
   "isUrlFilterCaseSensitive": false,
   "resourceTypes": [
    "main_frame",
    "sub_frame",
    "xmlhttprequest"
   ],
   "urlFilter": "||hog."
  },
  "id": 160
 },
 {
  "action": {
   "redirect": {
    "transform": {
     "queryTransform": {
      "removeParams": [
       "bh",
       "bw",
       "domComplete",
       "domContentLoadedEventEnd",
       "domContentLoadedEventStart",
       "domInteractive",
       "domLoading",
       "ln",
       "loadEventEnd",
       "loadEventStart",
       "ls",
       "navigationStart",
       "os",
       "pid",
       "requestStart",
       "responseEnd",
       "responseStart",
       "sr",
       "ts"
      ]
     }
    }
   },
   "type": "redirect"
  },
  "condition": {
   "isUrlFilterCaseSensitive": false,
   "resourceTypes": [
    "main_frame",
    "sub_frame",
    "xmlhttprequest"
   ],
   "urlFilter": "||lcs.naver.com/m?u="
  },
  "id": 161
 },
 {
  "action": {
   "redirect": {
    "transform": {
     "queryTransform": {
      "removeParams": [
       "trackingid"
      ]
     }
    }
   },
   "type": "redirect"
  },
  "condition": {
   "requestDomains": [
    "creativecloud.adobe.com"
   ],
   "resourceTypes": [
    "main_frame",
    "sub_frame",
    "xmlhttprequest"
   ]
  },
  "id": 162
 },
 {
  "action": {
   "redirect": {
    "transform": {
     "queryTransform": {
      "removeParams": [
       "TRILIBIS_EMULATOR_UA",
       "browser_dist",
       "browser_type",
       "promoid",
       "type",
       "workflow"
      ]
     }
    }
   },
   "type": "redirect"
  },
  "condition": {
   "requestDomains": [
    "get.adobe.com"
   ],
   "resourceTypes": [
    "main_frame",
    "sub_frame",
    "xmlhttprequest"
   ]
  },
  "id": 163
 },
 {
  "action": {
   "redirect": {
    "transform": {
     "query": ""
    }
   },
   "type": "redirect"
  },
  "condition": {
   "isUrlFilterCaseSensitive": false,
   "resourceTypes": [
    "main_frame",
    "sub_frame",
    "xmlhttprequest"
   ],
   "urlFilter": "||ups.xplosion.de/ctx?event_id="
  },
  "id": 164
 },
 {
  "action": {
   "redirect": {
    "transform": {
     "queryTransform": {
      "removeParams": [
       "clickid"
      ]
     }
    }
   },
   "type": "redirect"
  },
  "condition": {
   "requestDomains": [
    "aufast.co",
    "iqbroker.com",
    "voyeur-house.tv"
   ],
   "resourceTypes": [
    "main_frame",
    "sub_frame",
    "xmlhttprequest"
   ]
  },
  "id": 165
 },
 {
  "action": {
   "redirect": {
    "transform": {
     "queryTransform": {
      "removeParams": [
       "Identifier",
       "Source"
      ]
     }
    }
   },
   "type": "redirect"
  },
  "condition": {
   "requestDomains": [
    "cht.com.tw"
   ],
   "resourceTypes": [
    "main_frame",
    "sub_frame",
    "xmlhttprequest"
   ]
  },
  "id": 166
 },
 {
  "action": {
   "redirect": {
    "transform": {
     "queryTransform": {
      "removeParams": [
       "aff_model",
       "afftrack"
      ]
     }
    }
   },
   "type": "redirect"
  },
  "condition": {
   "requestDomains": [
    "iqbroker.com"
   ],
   "resourceTypes": [
    "main_frame",
    "sub_frame",
    "xmlhttprequest"
   ]
  },
  "id": 167
 },
 {
  "action": {
   "redirect": {
    "transform": {
     "queryTransform": {
      "removeParams": [
       "ads_params",
       "origin"
      ]
     }
    }
   },
   "type": "redirect"
  },
  "condition": {
   "isUrlFilterCaseSensitive": false,
   "resourceTypes": [
    "main_frame",
    "sub_frame",
    "xmlhttprequest"
   ],
   "urlFilter": "||dailymotion.com/embed/video/*?ads_params=*&origin="
  },
  "id": 168
 },
 {
  "action": {
   "redirect": {
    "transform": {
     "queryTransform": {
      "removeParams": [
       "mbid"
      ]
     }
    }
   },
   "type": "redirect"
  },
  "condition": {
   "requestDomains": [
    "wired.co.uk"
   ],
   "resourceTypes": [
    "main_frame",
    "sub_frame",
    "xmlhttprequest"
   ]
  },
  "id": 169
 },
 {
  "action": {
   "redirect": {
    "transform": {
     "queryTransform": {
      "removeParams": [
       "?utm_source"
      ]
     }
    }
   },
   "type": "redirect"
  },
  "condition": {
   "requestDomains": [
    "wikihow.com"
   ],
   "resourceTypes": [
    "main_frame",
    "sub_frame",
    "xmlhttprequest"
   ]
  },
  "id": 170
 },
 {
  "action": {
   "redirect": {
    "transform": {
     "queryTransform": {
      "removeParams": [
       "CID"
      ]
     }
    }
   },
   "type": "redirect"
  },
  "condition": {
   "requestDomains": [
    "kohls.com"
   ],
   "resourceTypes": [
    "main_frame",
    "sub_frame",
    "xmlhttprequest"
   ]
  },
  "id": 171
 },
 {
  "action": {
   "redirect": {
    "transform": {
     "queryTransform": {
      "removeParams": [
       "ig_rid",
       "igshid"
      ]
     }
    }
   },
   "type": "redirect"
  },
  "condition": {
   "requestDomains": [
    "instagram.com"
   ],
   "resourceTypes": [
    "main_frame",
    "sub_frame",
    "xmlhttprequest"
   ]
  },
  "id": 172
 },
 {
  "action": {
   "redirect": {
    "transform": {
     "queryTransform": {
      "removeParams": [
       "_ope"
      ]
     }
    }
   },
   "type": "redirect"
  },
  "condition": {
   "requestDomains": [
    "euronews.com"
   ],
   "resourceTypes": [
    "main_frame",
    "sub_frame",
    "xmlhttprequest"
   ]
  },
  "id": 173
 },
 {
  "action": {
   "redirect": {
    "transform": {
     "queryTransform": {
      "removeParams": [
       "rbtc"
      ]
     }
    }
   },
   "type": "redirect"
  },
  "condition": {
   "requestDomains": [
    "mediamarkt.com.tr"
   ],
   "resourceTypes": [
    "main_frame",
    "sub_frame",
    "xmlhttprequest"
   ]
  },
  "id": 174
 },
 {
  "action": {
   "redirect": {
    "transform": {
     "queryTransform": {
      "removeParams": [
       "~red"
      ]
     }
    }
   },
   "type": "redirect"
  },
  "condition": {
   "requestDomains": [
    "t.myvisualiq.net"
   ],
   "resourceTypes": [
    "main_frame",
    "sub_frame",
    "xmlhttprequest"
   ]
  },
  "id": 175
 },
 {
  "action": {
   "redirect": {
    "transform": {
     "queryTransform": {
      "removeParams": [
       "cb"
      ]
     }
    }
   },
   "type": "redirect"
  },
  "condition": {
   "requestDomains": [
    "express.de",
    "ksta.de"
   ],
   "resourceTypes": [
    "main_frame",
    "sub_frame",
    "xmlhttprequest"
   ]
  },
  "id": 176
 },
 {
  "action": {
   "redirect": {
    "transform": {
     "queryTransform": {
      "removeParams": [
       "original_referer",
       "refId",
       "trackingId"
      ]
     }
    }
   },
   "type": "redirect"
  },
  "condition": {
   "requestDomains": [
    "linkedin.com"
   ],
   "resourceTypes": [
    "main_frame",
    "sub_frame",
    "xmlhttprequest"
   ]
  },
  "id": 177
 },
 {
  "action": {
   "redirect": {
    "transform": {
     "queryTransform": {
      "removeParams": [
       "originalReferer",
       "trkInfo"
      ]
     }
    }
   },
   "type": "redirect"
  },
  "condition": {
   "isUrlFilterCaseSensitive": false,
   "resourceTypes": [
    "main_frame",
    "sub_frame",
    "xmlhttprequest"
   ],
   "urlFilter": "||linkedin.com/authwall?"
  },
  "id": 178
 },
 {
  "action": {
   "redirect": {
    "transform": {
     "queryTransform": {
      "removeParams": [
       "cmnhd_ref",
       "news_ref"
      ]
     }
    }
   },
   "type": "redirect"
  },
  "condition": {
   "requestDomains": [
    "nicovideo.jp"
   ],
   "resourceTypes": [
    "main_frame",
    "sub_frame",
    "xmlhttprequest"
   ]
  },
  "id": 179
 },
 {
  "action": {
   "redirect": {
    "transform": {
     "queryTransform": {
      "removeParams": [
       "tqi"
      ]
     }
    }
   },
   "type": "redirect"
  },
  "condition": {
   "isUrlFilterCaseSensitive": false,
   "resourceTypes": [
    "main_frame",
    "sub_frame",
    "xmlhttprequest"
   ],
   "urlFilter": "||search.naver.com/search.naver"
  },
  "id": 180
 },
 {
  "action": {
   "redirect": {
    "transform": {
     "queryTransform": {
      "removeParams": [
       "bw",
       "px",
       "py",
       "sx",
       "sy"
      ]
     }
    }
   },
   "type": "redirect"
  },
  "condition": {
   "isUrlFilterCaseSensitive": false,
   "resourceTypes": [
    "main_frame",
    "sub_frame",
    "xmlhttprequest"
   ],
   "urlFilter": "||cc.naver.com/cc?a"
  },
  "id": 181
 },
 {
  "action": {
   "redirect": {
    "transform": {
     "queryTransform": {
      "removeParams": [
       "utm-term"
      ]
     }
    }
   },
   "type": "redirect"
  },
  "condition": {
   "isUrlFilterCaseSensitive": false,
   "resourceTypes": [
    "main_frame",
    "sub_frame",
    "xmlhttprequest"
   ],
   "urlFilter": "||yandex.*/promo/"
  },
  "id": 182
 },
 {
  "action": {
   "redirect": {
    "transform": {
     "queryTransform": {
      "removeParams": [
       "from",
       "mlid",
       "msid",
       "persistent_id",
       "stid"
      ]
     }
    }
   },
   "type": "redirect"
  },
  "condition": {
   "isUrlFilterCaseSensitive": false,
   "resourceTypes": [
    "main_frame",
    "sub_frame",
    "xmlhttprequest"
   ],
   "urlFilter": "||yandex.*/news/"
  },
  "id": 183
 },
 {
  "action": {
   "redirect": {
    "transform": {
     "queryTransform": {
      "removeParams": [
       "mlid",
       "msid",
       "persistent_id",
       "stid"
      ]
     }
    }
   },
   "type": "redirect"
  },
  "condition": {
   "isUrlFilterCaseSensitive": false,
   "resourceTypes": [
    "main_frame",
    "sub_frame",
    "xmlhttprequest"
   ],
   "urlFilter": "||yandex.*/sport/"
  },
  "id": 184
 },
 {
  "action": {
   "redirect": {
    "transform": {
     "queryTransform": {
      "removeParams": [
       "source-serpid"
      ]
     }
    }
   },
   "type": "redirect"
  },
  "condition": {
   "isUrlFilterCaseSensitive": false,
   "resourceTypes": [
    "main_frame",
    "sub_frame",
    "xmlhttprequest"
   ],
   "urlFilter": "||yandex.*/images/"
  },
  "id": 185
 },
 {
  "action": {
   "redirect": {
    "transform": {
     "queryTransform": {
      "removeParams": [
       "clid"
      ]
     }
    }
   },
   "type": "redirect"
  },
  "condition": {
   "isUrlFilterCaseSensitive": false,
   "resourceTypes": [
    "main_frame",
    "sub_frame",
    "xmlhttprequest"
   ],
   "urlFilter": "||www.yandex."
  },
  "id": 186
 },
 {
  "action": {
   "redirect": {
    "transform": {
     "queryTransform": {
      "removeParams": [
       "clid",
       "source"
      ]
     }
    }
   },
   "type": "redirect"
  },
  "condition": {
   "isUrlFilterCaseSensitive": false,
   "resourceTypes": [
    "main_frame",
    "sub_frame",
    "xmlhttprequest"
   ],
   "urlFilter": "://yandex."
  },
  "id": 187
 },
 {
  "action": {
   "redirect": {
    "transform": {
     "queryTransform": {
      "removeParams": [
       "rsv_pq",
       "rsv_t"
      ]
     }
    }
   },
   "type": "redirect"
  },
  "condition": {
   "requestDomains": [
    "www.baidu.com"
   ],
   "resourceTypes": [
    "main_frame",
    "sub_frame",
    "xmlhttprequest"
   ]
  },
  "id": 188
 },
 {
  "action": {
   "redirect": {
    "transform": {
     "queryTransform": {
      "removeParams": [
       "eqid"
      ]
     }
    }
   },
   "type": "redirect"
  },
  "condition": {
   "isUrlFilterCaseSensitive": false,
   "resourceTypes": [
    "main_frame",
    "sub_frame",
    "xmlhttprequest"
   ],
   "urlFilter": "||www.baidu.com/link?url="
  },
  "id": 189
 },
 {
  "action": {
   "redirect": {
    "transform": {
     "queryTransform": {
      "removeParams": [
       "externalVisitorId",
       "r",
       "visitorId"
      ]
     }
    }
   },
   "type": "redirect"
  },
  "condition": {
   "isUrlFilterCaseSensitive": false,
   "resourceTypes": [
    "main_frame",
    "sub_frame",
    "xmlhttprequest"
   ],
   "urlFilter": "||cod.bitrec.com/topocentras-services/js/recs?"
  },
  "id": 190
 },
 {
  "action": {
   "redirect": {
    "transform": {
     "queryTransform": {
      "removeParams": [
       "referrer"
      ]
     }
    }
   },
   "type": "redirect"
  },
  "condition": {
   "isUrlFilterCaseSensitive": false,
   "resourceTypes": [
    "main_frame",
    "sub_frame",
    "xmlhttprequest"
   ],
   "urlFilter": "||play.google."
  },
  "id": 191
 },
 {
  "action": {
   "redirect": {
    "transform": {
     "queryTransform": {
      "removeParams": [
       "aqs",
       "bih",
       "biw",
       "ei",
       "gs_l",
       "gs_lcp",
       "ie",
       "oe",
       "oq",
       "sa",
       "source",
       "sourceid"
      ]
     }
    }
   },
   "type": "redirect"
  },
  "condition": {
   "isUrlFilterCaseSensitive": false,
   "resourceTypes": [
    "main_frame",
    "sub_frame",
    "xmlhttprequest"
   ],
   "urlFilter": "||google.*/search"
  },
  "id": 192
 },
 {
  "action": {
   "redirect": {
    "transform": {
     "queryTransform": {
      "removeParams": [
       "visit_id"
      ]
     }
    }
   },
   "type": "redirect"
  },
  "condition": {
   "isUrlFilterCaseSensitive": false,
   "resourceTypes": [
    "main_frame",
    "sub_frame",
    "xmlhttprequest"
   ],
   "urlFilter": "||google.*/websearch"
  },
  "id": 193
 },
 {
  "action": {
   "redirect": {
    "transform": {
     "queryTransform": {
      "removeParams": [
       "_trkparms",
       "_trksid",
       "amdata",
       "campid",
       "mkrid"
      ]
     }
    }
   },
   "type": "redirect"
  },
  "condition": {
   "isUrlFilterCaseSensitive": false,
   "resourceTypes": [
    "main_frame",
    "sub_frame",
    "xmlhttprequest"
   ],
   "urlFilter": "||www.ebay."
  },
  "id": 194
 },
 {
  "action": {
   "redirect": {
    "transform": {
     "queryTransform": {
      "removeParams": [
       "AssociateTag",
       "adgrpid",
       "ascsubtag",
       "c",
       "camp",
       "creative",
       "creativeASIN",
       "dchild",
       "field-lbr_brands_browse-bin",
       "hvadid",
       "hvbmt",
       "hvdev",
       "hvlocphy",
       "hvnetw",
       "hvqmt",
       "hvrand",
       "hvtargid",
       "hydadcr",
       "ingress",
       "initialIssue",
       "pd_rd_i",
       "pd_rd_r",
       "pd_rd_w",
       "pd_rd_wg",
       "pf_rd_i",
       "pf_rd_m",
       "pf_rd_p",
       "pf_rd_r",
       "pf_rd_s",
       "pf_rd_t",
       "pf_rd_w",
       "plattr",
       "qid",
       "rdc",
       "refRID",
       "smid",
       "tag",
       "ts_id",
       "visitId",
       "vtr"
      ]
     }
    }
   },
   "type": "redirect"
  },
  "condition": {
   "isUrlFilterCaseSensitive": false,
   "resourceTypes": [
    "main_frame",
    "sub_frame",
    "xmlhttprequest"
   ],
   "urlFilter": "||amazon."
  },
  "id": 195
 },
 {
  "action": {
   "redirect": {
    "transform": {
     "queryTransform": {
      "removeParams": [
       "bitCampaignCode"
      ]
     }
    }
   },
   "type": "redirect"
  },
  "condition": {
   "isUrlFilterCaseSensitive": false,
   "resourceTypes": [
    "main_frame",
    "sub_frame",
    "xmlhttprequest"
   ],
   "urlFilter": "||amazon.*/aa"
  },
  "id": 196
 },
 {
  "action": {
   "redirect": {
    "transform": {
     "queryTransform": {
      "removeParams": [
       "tag"
      ]
     }
    }
   },
   "type": "redirect"
  },
  "condition": {
   "isUrlFilterCaseSensitive": false,
   "resourceTypes": [
    "main_frame",
    "sub_frame",
    "xmlhttprequest"
   ],
   "urlFilter": "||amazon.*/dp/"
  },
  "id": 197
 },
 {
  "action": {
   "redirect": {
    "transform": {
     "queryTransform": {
      "removeParams": [
       "from",
       "source"
      ]
     }
    }
   },
   "type": "redirect"
  },
  "condition": {
   "isUrlFilterCaseSensitive": false,
   "resourceTypes": [
    "main_frame",
    "sub_frame",
    "xmlhttprequest"
   ],
   "urlFilter": "||amazon.*/hz/contact-us/csp"
  },
  "id": 198
 },
 {
  "action": {
   "redirect": {
    "transform": {
     "queryTransform": {
      "removeParams": [
       "muClientName"
      ]
     }
    }
   },
   "type": "redirect"
  },
  "condition": {
   "isUrlFilterCaseSensitive": false,
   "resourceTypes": [
    "main_frame",
    "sub_frame",
    "xmlhttprequest"
   ],
   "urlFilter": "||amazon.*/message-us"
  },
  "id": 199
 },
 {
  "action": {
   "redirect": {
    "transform": {
     "queryTransform": {
      "removeParams": [
       "appClientId",
       "appSignature",
       "nonce",
       "ref"
      ]
     }
    }
   },
   "type": "redirect"
  },
  "condition": {
   "isUrlFilterCaseSensitive": false,
   "resourceTypes": [
    "main_frame",
    "sub_frame",
    "xmlhttprequest"
   ],
   "urlFilter": "||app.mi.com/download/*?id="
  },
  "id": 200
 },
 {
  "action": {
   "redirect": {
    "transform": {
     "queryTransform": {
      "removeParams": [
       "WBAPIAnalysisOriUICodes",
       "chksm",
       "devicetype",
       "exportkey",
       "key",
       "launchid",
       "mpshare",
       "nettype",
       "scene",
       "srcid",
       "uin",
       "v_p"
      ]
     }
    }
   },
   "type": "redirect"
  },
  "condition": {
   "requestDomains": [
    "mp.weixin.qq.com"
   ],
   "resourceTypes": [
    "main_frame",
    "sub_frame",
    "xmlhttprequest"
   ]
  },
  "id": 201
 },
 {
  "action": {
   "redirect": {
    "transform": {
     "queryTransform": {
      "removeParams": [
       "anId",
       "sessionId",
       "slot",
       "sr",
       "url",
       "wr"
      ]
     }
    }
   },
   "type": "redirect"
  },
  "condition": {
   "isUrlFilterCaseSensitive": false,
   "resourceTypes": [
    "main_frame",
    "sub_frame",
    "xmlhttprequest"
   ],
   "urlFilter": "||pixel.adsafeprotected.com/services/pub?"
  },
  "id": 202
 },
 {
  "action": {
   "redirect": {
    "transform": {
     "queryTransform": {
      "removeParams": [
       "act",
       "showSignupPopup",
       "suid"
      ]
     }
    }
   },
   "type": "redirect"
  },
  "condition": {
   "requestDomains": [
    "cam4.com"
   ],
   "resourceTypes": [
    "main_frame",
    "sub_frame",
    "xmlhttprequest"
   ]
  },
  "id": 203
 },
 {
  "action": {
   "redirect": {
    "transform": {
     "queryTransform": {
      "removeParams": [
       "at_campaign",
       "at_medium",
       "ns_campaign",
       "ns_fee",
       "ns_linkname",
       "ns_mchannel",
       "ns_source",
       "ocid"
      ]
     }
    }
   },
   "type": "redirect"
  },
  "condition": {
   "initiatorDomains": [
    "bbc.co.uk",
    "bbc.com"
   ],
   "resourceTypes": [
    "main_frame",
    "sub_frame",
    "xmlhttprequest"
   ]
  },
  "id": 204
 },
 {
  "action": {
   "redirect": {
    "transform": {
     "queryTransform": {
      "removeParams": [
       "ocid"
      ]
     }
    }
   },
   "type": "redirect"
  },
  "condition": {
   "requestDomains": [
    "microsoft.com",
    "office.com"
   ],
   "resourceTypes": [
    "main_frame",
    "sub_frame",
    "xmlhttprequest"
   ]
  },
  "id": 205
 },
 {
  "action": {
   "redirect": {
    "transform": {
     "queryTransform": {
      "removeParams": [
       "ref_src",
       "ref_url"
      ]
     }
    }
   },
   "type": "redirect"
  },
  "condition": {
   "requestDomains": [
    "twitter.com"
   ],
   "resourceTypes": [
    "main_frame",
    "sub_frame",
    "xmlhttprequest"
   ]
  },
  "id": 206
 },
 {
  "action": {
   "redirect": {
    "transform": {
     "queryTransform": {
      "removeParams": [
       "tg",
       "vk"
      ]
     }
    }
   },
   "type": "redirect"
  },
  "condition": {
   "requestDomains": [
    "zerkalo.io"
   ],
   "resourceTypes": [
    "main_frame",
    "sub_frame",
    "xmlhttprequest"
   ]
  },
  "id": 207
 },
 {
  "action": {
   "redirect": {
    "transform": {
     "queryTransform": {
      "removeParams": [
       "irclickid"
      ]
     }
    }
   },
   "type": "redirect"
  },
  "condition": {
   "requestDomains": [
    "duda.co",
    "microsoft.com"
   ],
   "resourceTypes": [
    "main_frame",
    "sub_frame",
    "xmlhttprequest"
   ]
  },
  "id": 208
 },
 {
  "action": {
   "redirect": {
    "transform": {
     "queryTransform": {
      "removeParams": [
       "ranEAID",
       "ranSiteID"
      ]
     }
    }
   },
   "type": "redirect"
  },
  "condition": {
   "requestDomains": [
    "microsoft.com"
   ],
   "resourceTypes": [
    "main_frame",
    "sub_frame",
    "xmlhttprequest"
   ]
  },
  "id": 209
 },
 {
  "action": {
   "redirect": {
    "transform": {
     "queryTransform": {
      "removeParams": [
       "epi"
      ]
     }
    }
   },
   "type": "redirect"
  },
  "condition": {
   "initiatorDomains": [
    "microsoft.com",
    "xbox.com"
   ],
   "resourceTypes": [
    "main_frame",
    "sub_frame",
    "xmlhttprequest"
   ]
  },
  "id": 210
 },
 {
  "action": {
   "redirect": {
    "transform": {
     "queryTransform": {
      "removeParams": [
       "client"
      ]
     }
    }
   },
   "type": "redirect"
  },
  "condition": {
   "requestDomains": [
    "marktjagd.de"
   ],
   "resourceTypes": [
    "main_frame",
    "sub_frame",
    "xmlhttprequest"
   ]
  },
  "id": 211
 },
 {
  "action": {
   "redirect": {
    "transform": {
     "queryTransform": {
      "removeParams": [
       "icid"
      ]
     }
    }
   },
   "type": "redirect"
  },
  "condition": {
   "requestDomains": [
    "kaspersky.com"
   ],
   "resourceTypes": [
    "main_frame",
    "sub_frame",
    "xmlhttprequest"
   ]
  },
  "id": 212
 },
 {
  "action": {
   "redirect": {
    "transform": {
     "queryTransform": {
      "removeParams": [
       "siteID"
      ]
     }
    }
   },
   "type": "redirect"
  },
  "condition": {
   "requestDomains": [
    "coursera.org"
   ],
   "resourceTypes": [
    "main_frame",
    "sub_frame",
    "xmlhttprequest"
   ]
  },
  "id": 213
 },
 {
  "action": {
   "redirect": {
    "transform": {
     "queryTransform": {
      "removeParams": [
       "trflg"
      ]
     }
    }
   },
   "type": "redirect"
  },
  "condition": {
   "requestDomains": [
    "mag2.com"
   ],
   "resourceTypes": [
    "main_frame",
    "sub_frame",
    "xmlhttprequest"
   ]
  },
  "id": 214
 },
 {
  "action": {
   "redirect": {
    "transform": {
     "queryTransform": {
      "removeParams": [
       "ito"
      ]
     }
    }
   },
   "type": "redirect"
  },
  "condition": {
   "requestDomains": [
    "dailymail.co.uk"
   ],
   "resourceTypes": [
    "main_frame",
    "sub_frame",
    "xmlhttprequest"
   ]
  },
  "id": 215
 },
 {
  "action": {
   "redirect": {
    "transform": {
     "queryTransform": {
      "removeParams": [
       "pl"
      ]
     }
    }
   },
   "type": "redirect"
  },
  "condition": {
   "requestDomains": [
    "mioga.de"
   ],
   "resourceTypes": [
    "main_frame",
    "sub_frame",
    "xmlhttprequest"
   ]
  },
  "id": 216
 },
 {
  "action": {
   "redirect": {
    "transform": {
     "queryTransform": {
      "removeParams": [
       "idealoid"
      ]
     }
    }
   },
   "type": "redirect"
  },
  "condition": {
   "requestDomains": [
    "ejoker.de",
    "galaxus.de",
    "mioga.de",
    "netgames.de",
    "www.alternate.de",
    "www.electronic4you.de",
    "www.hitseller.de",
    "www.technikdirekt.de"
   ],
   "resourceTypes": [
    "main_frame",
    "sub_frame",
    "xmlhttprequest"
   ]
  },
  "id": 217
 },
 {
  "action": {
   "redirect": {
    "transform": {
     "queryTransform": {
      "removeParams": [
       "sPartner"
      ]
     }
    }
   },
   "type": "redirect"
  },
  "condition": {
   "requestDomains": [
    "cosse.de",
    "ejoker.de",
    "www.hitseller.de",
    "www.technikdirekt.de"
   ],
   "resourceTypes": [
    "main_frame",
    "sub_frame",
    "xmlhttprequest"
   ]
  },
  "id": 218
 },
 {
  "action": {
   "redirect": {
    "transform": {
     "queryTransform": {
      "removeParams": [
       "p"
      ]
     }
    }
   },
   "type": "redirect"
  },
  "condition": {
   "isUrlFilterCaseSensitive": false,
   "resourceTypes": [
    "main_frame",
    "sub_frame",
    "xmlhttprequest"
   ],
   "urlFilter": "||gmx.*/logoutlounge"
  },
  "id": 219
 },
 {
  "action": {
   "redirect": {
    "transform": {
     "queryTransform": {
      "removeParams": [
       "p"
      ]
     }
    }
   },
   "type": "redirect"
  },
  "condition": {
   "isUrlFilterCaseSensitive": false,
   "resourceTypes": [
    "main_frame",
    "sub_frame",
    "xmlhttprequest"
   ],
   "urlFilter": "||web.de/logoutlounge"
  },
  "id": 220
 },
 {
  "action": {
   "redirect": {
    "transform": {
     "queryTransform": {
      "removeParams": [
       "mc"
      ]
     }
    }
   },
   "type": "redirect"
  },
  "condition": {
   "isUrlFilterCaseSensitive": false,
   "resourceTypes": [
    "main_frame",
    "sub_frame",
    "xmlhttprequest"
   ],
   "urlFilter": "||gmx."
  },
  "id": 221
 },
 {
  "action": {
   "redirect": {
    "transform": {
     "queryTransform": {
      "removeParams": [
       "mc"
      ]
     }
    }
   },
   "type": "redirect"
  },
  "condition": {
   "requestDomains": [
    "web.de"
   ],
   "resourceTypes": [
    "main_frame",
    "sub_frame",
    "xmlhttprequest"
   ]
  },
  "id": 222
 },
 {
  "action": {
   "redirect": {
    "transform": {
     "queryTransform": {
      "removeParams": [
       "advertisementId",
       "partnerId"
      ]
     }
    }
   },
   "type": "redirect"
  },
  "condition": {
   "isUrlFilterCaseSensitive": false,
   "resourceTypes": [
    "main_frame",
    "sub_frame",
    "xmlhttprequest"
   ],
   "urlFilter": "||lotto.gmx."
  },
  "id": 223
 },
 {
  "action": {
   "redirect": {
    "transform": {
     "queryTransform": {
      "removeParams": [
       "advertisementId",
       "partnerId"
      ]
     }
    }
   },
   "type": "redirect"
  },
  "condition": {
   "requestDomains": [
    "lotto.web.de"
   ],
   "resourceTypes": [
    "main_frame",
    "sub_frame",
    "xmlhttprequest"
   ]
  },
  "id": 224
 },
 {
  "action": {
   "redirect": {
    "transform": {
     "queryTransform": {
      "removeParams": [
       "origin"
      ]
     }
    }
   },
   "type": "redirect"
  },
  "condition": {
   "isUrlFilterCaseSensitive": false,
   "resourceTypes": [
    "main_frame",
    "sub_frame",
    "xmlhttprequest"
   ],
   "urlFilter": "||shopping.gmx."
  },
  "id": 225
 },
 {
  "action": {
   "redirect": {
    "transform": {
     "queryTransform": {
      "removeParams": [
       "origin"
      ]
     }
    }
   },
   "type": "redirect"
  },
  "condition": {
   "requestDomains": [
    "deezer.com",
    "shopping.web.de"
   ],
   "resourceTypes": [
    "main_frame",
    "sub_frame",
    "xmlhttprequest"
   ]
  },
  "id": 226
 },
 {
  "action": {
   "redirect": {
    "transform": {
     "queryTransform": {
      "removeParams": [
       "kampan"
      ]
     }
    }
   },
   "type": "redirect"
  },
  "condition": {
   "isUrlFilterCaseSensitive": false,
   "resourceTypes": [
    "main_frame",
    "sub_frame",
    "xmlhttprequest"
   ],
   "urlFilter": "||alza.de/*.htm"
  },
  "id": 227
 },
 {
  "action": {
   "redirect": {
    "transform": {
     "queryTransform": {
      "removeParams": [
       "referer"
      ]
     }
    }
   },
   "type": "redirect"
  },
  "condition": {
   "requestDomains": [
    "cosse.de"
   ],
   "resourceTypes": [
    "main_frame",
    "sub_frame",
    "xmlhttprequest"
   ]
  },
  "id": 228
 },
 {
  "action": {
   "redirect": {
    "transform": {
     "queryTransform": {
      "removeParams": [
       "offerKey",
       "offerListId"
      ]
     }
    }
   },
   "type": "redirect"
  },
  "condition": {
   "isUrlFilterCaseSensitive": false,
   "resourceTypes": [
    "main_frame",
    "sub_frame",
    "xmlhttprequest"
   ],
   "urlFilter": "||idealo.de/*.html"
  },
  "id": 229
 },
 {
  "action": {
   "redirect": {
    "transform": {
     "queryTransform": {
      "removeParams": [
       "amc",
       "smc2",
       "smc5"
      ]
     }
    }
   },
   "type": "redirect"
  },
  "condition": {
   "requestDomains": [
    "marketing.net.idealo-partner.com"
   ],
   "resourceTypes": [
    "main_frame",
    "sub_frame",
    "xmlhttprequest"
   ]
  },
  "id": 230
 },
 {
  "action": {
   "redirect": {
    "transform": {
     "queryTransform": {
      "removeParams": [
       "trackid"
      ]
     }
    }
   },
   "type": "redirect"
  },
  "condition": {
   "isUrlFilterCaseSensitive": false,
   "resourceTypes": [
    "main_frame",
    "sub_frame",
    "xmlhttprequest"
   ],
   "urlFilter": "||media01.eu/set.aspx"
  },
  "id": 231
 },
 {
  "action": {
   "redirect": {
    "transform": {
     "queryTransform": {
      "removeParams": [
       "refID"
      ]
     }
    }
   },
   "type": "redirect"
  },
  "condition": {
   "requestDomains": [
    "netgames.de"
   ],
   "resourceTypes": [
    "main_frame",
    "sub_frame",
    "xmlhttprequest"
   ]
  },
  "id": 232
 },
 {
  "action": {
   "redirect": {
    "transform": {
     "queryTransform": {
      "removeParams": [
       "partner"
      ]
     }
    }
   },
   "type": "redirect"
  },
  "condition": {
   "requestDomains": [
    "www.alternate.de"
   ],
   "resourceTypes": [
    "main_frame",
    "sub_frame",
    "xmlhttprequest"
   ]
  },
  "id": 233
 },
 {
  "action": {
   "redirect": {
    "transform": {
     "queryTransform": {
      "removeParams": [
       "pcscpId"
      ]
     }
    }
   },
   "type": "redirect"
  },
  "condition": {
   "requestDomains": [
    "www.galaxus.de"
   ],
   "resourceTypes": [
    "main_frame",
    "sub_frame",
    "xmlhttprequest"
   ]
  },
  "id": 234
 },
 {
  "action": {
   "redirect": {
    "transform": {
     "queryTransform": {
      "removeParams": [
       "msktc"
      ]
     }
    }
   },
   "type": "redirect"
  },
  "condition": {
   "requestDomains": [
    "www.lidl.de"
   ],
   "resourceTypes": [
    "main_frame",
    "sub_frame",
    "xmlhttprequest"
   ]
  },
  "id": 235
 },
 {
  "action": {
   "redirect": {
    "transform": {
     "queryTransform": {
      "removeParams": [
       "bid"
      ]
     }
    }
   },
   "type": "redirect"
  },
  "condition": {
   "requestDomains": [
    "www.pricezilla.de"
   ],
   "resourceTypes": [
    "main_frame",
    "sub_frame",
    "xmlhttprequest"
   ]
  },
  "id": 236
 },
 {
  "action": {
   "redirect": {
    "transform": {
     "queryTransform": {
      "removeParams": [
       "campaign"
      ]
     }
    }
   },
   "type": "redirect"
  },
  "condition": {
   "isUrlFilterCaseSensitive": false,
   "resourceTypes": [
    "main_frame",
    "sub_frame",
    "xmlhttprequest"
   ],
   "urlFilter": "||boomstore.de*.html"
  },
  "id": 237
 },
 {
  "action": {
   "redirect": {
    "transform": {
     "queryTransform": {
      "removeParams": [
       "etcc_cmp",
       "etcc_med",
       "etcc_produkt"
      ]
     }
    }
   },
   "type": "redirect"
  },
  "condition": {
   "requestDomains": [
    "marketing.net.idealo-partner.com",
    "www.hitseller.de"
   ],
   "resourceTypes": [
    "main_frame",
    "sub_frame",
    "xmlhttprequest"
   ]
  },
  "id": 238
 },
 {
  "action": {
   "redirect": {
    "transform": {
     "queryTransform": {
      "removeParams": [
       "impression_id"
      ]
     }
    }
   },
   "type": "redirect"
  },
  "condition": {
   "requestDomains": [
    "nytimes.com"
   ],
   "resourceTypes": [
    "main_frame",
    "sub_frame",
    "xmlhttprequest"
   ]
  },
  "id": 239
 },
 {
  "action": {
   "redirect": {
    "transform": {
     "queryTransform": {
      "removeParams": [
       "ref"
      ]
     }
    }
   },
   "type": "redirect"
  },
  "condition": {
   "isUrlFilterCaseSensitive": false,
   "resourceTypes": [
    "main_frame",
    "sub_frame",
    "xmlhttprequest"
   ],
   "urlFilter": "||websearch.rakuten.co.jp/web?"
  },
  "id": 240
 },
 {
  "action": {
   "redirect": {
    "transform": {
     "queryTransform": {
      "removeParams": [
       "trflg"
      ]
     }
    }
   },
   "type": "redirect"
  },
  "condition": {
   "isUrlFilterCaseSensitive": false,
   "resourceTypes": [
    "main_frame",
    "sub_frame",
    "xmlhttprequest"
   ],
   "urlFilter": "||rakuten.co.jp^*&trflg="
  },
  "id": 241
 },
 {
  "action": {
   "redirect": {
    "transform": {
     "queryTransform": {
      "removeParams": [
       "_refId",
       "iid",
       "lid",
       "pageUID",
       "pwsvid",
       "ssid",
       "store"
      ]
     }
    }
   },
   "type": "redirect"
  },
  "condition": {
   "requestDomains": [
    "flipkart.com"
   ],
   "resourceTypes": [
    "main_frame",
    "sub_frame",
    "xmlhttprequest"
   ]
  },
  "id": 242
 },
 {
  "action": {
   "redirect": {
    "transform": {
     "queryTransform": {
      "removeParams": [
       "from_spm_id",
       "seid",
       "share_medium",
       "share_plat",
       "share_session_id",
       "share_source",
       "share_tag",
       "spm_id_from",
       "timestamp",
       "unique_k"
      ]
     }
    }
   },
   "type": "redirect"
  },
  "condition": {
   "requestDomains": [
    "bilibili.com"
   ],
   "resourceTypes": [
    "main_frame",
    "sub_frame",
    "xmlhttprequest"
   ]
  },
  "id": 243
 },
 {
  "action": {
   "redirect": {
    "transform": {
     "queryTransform": {
      "removeParams": [
       "from_source"
      ]
     }
    }
   },
   "type": "redirect"
  },
  "condition": {
   "requestDomains": [
    "search.bilibili.com"
   ],
   "resourceTypes": [
    "main_frame",
    "sub_frame",
    "xmlhttprequest"
   ]
  },
  "id": 244
 },
 {
  "action": {
   "redirect": {
    "transform": {
     "queryTransform": {
      "removeParams": [
       "dt_dapp",
       "weibo_id"
      ]
     }
    }
   },
   "type": "redirect"
  },
  "condition": {
   "isUrlFilterCaseSensitive": false,
   "resourceTypes": [
    "main_frame",
    "sub_frame",
    "xmlhttprequest"
   ],
   "urlFilter": "||weibo."
  },
  "id": 245
 },
 {
  "action": {
   "redirect": {
    "transform": {
     "queryTransform": {
      "removeParams": [
       "vfrm",
       "vfrmblk",
       "vfrmrst"
      ]
     }
    }
   },
   "type": "redirect"
  },
  "condition": {
   "requestDomains": [
    "iqiyi.com"
   ],
   "resourceTypes": [
    "main_frame",
    "sub_frame",
    "xmlhttprequest"
   ]
  },
  "id": 246
 },
 {
  "action": {
   "redirect": {
    "transform": {
     "queryTransform": {
      "removeParams": [
       "_f",
       "_trans_"
      ]
     }
    }
   },
   "type": "redirect"
  },
  "condition": {
   "requestDomains": [
    "sohu.com"
   ],
   "resourceTypes": [
    "main_frame",
    "sub_frame",
    "xmlhttprequest"
   ]
  },
  "id": 247
 },
 {
  "action": {
   "redirect": {
    "transform": {
     "queryTransform": {
      "removeParams": [
       "ptag"
      ]
     }
    }
   },
   "type": "redirect"
  },
  "condition": {
   "requestDomains": [
    "v.youku.com"
   ],
   "resourceTypes": [
    "main_frame",
    "sub_frame",
    "xmlhttprequest"
   ]
  },
  "id": 248
 },
 {
  "action": {
   "redirect": {
    "transform": {
     "queryTransform": {
      "removeParams": [
       "td"
      ]
     }
    }
   },
   "type": "redirect"
  },
  "condition": {
   "requestDomains": [
    "theregister.com"
   ],
   "resourceTypes": [
    "main_frame",
    "sub_frame",
    "xmlhttprequest"
   ]
  },
  "id": 249
 },
 {
  "action": {
   "redirect": {
    "transform": {
     "query": ""
    }
   },
   "type": "redirect"
  },
  "condition": {
   "requestDomains": [
    "p.typekit.net"
   ],
   "resourceTypes": [
    "stylesheet"
   ]
  },
  "id": 250
 },
 {
  "action": {
   "redirect": {
    "transform": {
     "queryTransform": {
      "removeParams": [
       "info",
       "uid"
      ]
     }
    }
   },
   "type": "redirect"
  },
  "condition": {
   "isUrlFilterCaseSensitive": false,
   "resourceTypes": [
    "script"
   ],
   "urlFilter": "||popin.cc/popin_discovery/"
  },
  "id": 251
 },
 {
  "action": {
   "redirect": {
    "transform": {
     "queryTransform": {
      "removeParams": [
       "usi",
       "widgetId"
      ]
     }
    }
   },
   "type": "redirect"
  },
  "condition": {
   "isUrlFilterCaseSensitive": false,
   "resourceTypes": [
    "script"
   ],
   "urlFilter": "||api.cxense.com/public/widget/data?json="
  },
  "id": 252
 },
 {
  "action": {
   "redirect": {
    "transform": {
     "queryTransform": {
      "removeParams": [
       "device_code",
       "exc_ads",
       "history_adids",
       "history_postids"
      ]
     }
    }
   },
   "type": "redirect"
  },
  "condition": {
   "requestDomains": [
    "campaigns-serving.cognativex.com"
   ],
   "resourceTypes": [
    "xmlhttprequest"
   ]
  },
  "id": 253
 },
 {
  "action": {
   "redirect": {
    "transform": {
     "queryTransform": {
      "removeParams": [
       "appID"
      ]
     }
    }
   },
   "type": "redirect"
  },
  "condition": {
   "requestDomains": [
    "versioncheck.addons.mozilla.org"
   ],
   "resourceTypes": [
    "xmlhttprequest"
   ]
  },
  "id": 254
 }
]
