[
 {
  "action": {
   "redirect": {
    "transform": {
     "queryTransform": {
      "removeParams": [
       "vastUrl"
      ]
     }
    }
   },
   "type": "redirect"
  },
  "condition": {
   "requestDomains": [
    "tamasha.com"
   ],
   "resourceTypes": [
    "main_frame",
    "sub_frame",
    "xmlhttprequest"
   ]
  },
  "id": 516
 },
 {
  "action": {
   "redirect": {
    "transform": {
     "queryTransform": {
      "removeParams": [
       "referer"
      ]
     }
    }
   },
   "type": "redirect"
  },
  "condition": {
   "requestDomains": [
    "aparat.com"
   ],
   "resourceTypes": [
    "main_frame",
    "sub_frame",
    "xmlhttprequest"
   ]
  },
  "id": 517
 },
 {
  "action": {
   "redirect": {
    "transform": {
     "queryTransform": {
      "removeParams": [
       "affid",
       "bCode",
       "cpcAdToken"
      ]
     }
    }
   },
   "type": "redirect"
  },
  "condition": {
   "requestDomains": [
    "digikala.com"
   ],
   "resourceTypes": [
    "main_frame",
    "sub_frame",
    "xmlhttprequest"
   ]
  },
  "id": 518
 },
 {
  "action": {
   "redirect": {
    "transform": {
     "queryTransform": {
      "removeParams": [
       "rssRedirect"
      ]
     }
    }
   },
   "type": "redirect"
  },
  "condition": {
   "requestDomains": [
    "eghtesadnews.com"
   ],
   "resourceTypes": [
    "main_frame",
    "sub_frame",
    "xmlhttprequest"
   ]
  },
  "id": 519
 },
 {
  "action": {
   "redirect": {
    "transform": {
     "queryTransform": {
      "removeParams": [
       "_ga",
       "_gl"
      ]
     }
    }
   },
   "type": "redirect"
  },
  "condition": {
   "requestDomains": [
    "app.technews-iran.com"
   ],
   "resourceTypes": [
    "main_frame",
    "sub_frame",
    "xmlhttprequest"
   ]
  },
  "id": 520
 },
 {
  "action": {
   "redirect": {
    "transform": {
     "queryTransform": {
      "removeParams": [
       "_bt__experiment",
       "_ft__ab_test",
       "_ft__shop_score",
       "_http_referrer",
       "_url_referrer",
       "btn",
       "bvid",
       "device",
       "discover_method",
       "is_adv",
       "session_id",
       "shop_rank",
       "source",
       "suid",
       "uid"
      ]
     }
    }
   },
   "type": "redirect"
  },
  "condition": {
   "requestDomains": [
    "api.torob.com"
   ],
   "resourceTypes": [
    "main_frame",
    "sub_frame",
    "xmlhttprequest"
   ]
  },
  "id": 521
 },
 {
  "action": {
   "redirect": {
    "transform": {
     "queryTransform": {
      "removeParams": [
       "tatoken"
      ]
     }
    }
   },
   "type": "redirect"
  },
  "condition": {
   "isUrlFilterCaseSensitive": false,
   "resourceTypes": [
    "main_frame",
    "sub_frame",
    "xmlhttprequest"
   ],
   "urlFilter": "^utm_source=takhfifan^"
  },
  "id": 522
 },
 {
  "action": {
   "redirect": {
    "transform": {
     "queryTransform": {
      "removeParams": [
       "ref"
      ]
     }
    }
   },
   "type": "redirect"
  },
  "condition": {
   "requestDomains": [
    "upera.tv"
   ],
   "resourceTypes": [
    "main_frame",
    "sub_frame",
    "xmlhttprequest"
   ]
  },
  "id": 523
 }
]
