[
 {
  "action": {
   "redirect": {
    "transform": {
     "query": ""
    }
   },
   "type": "redirect"
  },
  "condition": {
   "isUrlFilterCaseSensitive": false,
   "resourceTypes": [
    "script"
   ],
   "urlFilter": "||amedia.online/templates/animedia/js/libs.js"
  },
  "id": 5862
 },
 {
  "action": {
   "redirect": {
    "transform": {
     "query": ""
    }
   },
   "type": "redirect"
  },
  "condition": {
   "isUrlFilterCaseSensitive": false,
   "resourceTypes": [
    "sub_frame"
   ],
   "urlFilter": "||1plus1.video/*/embed/*autoplay=1"
  },
  "id": 5907
 },
 {
  "action": {
   "redirect": {
    "transform": {
     "queryTransform": {
      "removeParams": [
       "geoblock"
      ]
     }
    }
   },
   "type": "redirect"
  },
  "condition": {
   "requestDomains": [
    "aniqit.com"
   ],
   "resourceTypes": [
    "sub_frame"
   ]
  },
  "id": 5908
 },
 {
  "action": {
   "redirect": {
    "transform": {
     "query": ""
    }
   },
   "type": "redirect"
  },
  "condition": {
   "isUrlFilterCaseSensitive": false,
   "resourceTypes": [
    "sub_frame"
   ],
   "urlFilter": "||frontend.vh.yandex.ru/player/*autoplay=1"
  },
  "id": 5909
 },
 {
  "action": {
   "redirect": {
    "transform": {
     "queryTransform": {
      "removeParams": [
       "autoplay"
      ]
     }
    }
   },
   "type": "redirect"
  },
  "condition": {
   "isUrlFilterCaseSensitive": false,
   "resourceTypes": [
    "sub_frame"
   ],
   "urlFilter": "||my.mail.ru/video/embed/*autoplay=1"
  },
  "id": 5910
 },
 {
  "action": {
   "redirect": {
    "transform": {
     "query": ""
    }
   },
   "type": "redirect"
  },
  "condition": {
   "isUrlFilterCaseSensitive": false,
   "resourceTypes": [
    "sub_frame"
   ],
   "urlFilter": "||sportrecs.com/embed/*autoplay=1"
  },
  "id": 5912
 },
 {
  "action": {
   "redirect": {
    "transform": {
     "query": ""
    }
   },
   "type": "redirect"
  },
  "condition": {
   "isUrlFilterCaseSensitive": false,
   "resourceTypes": [
    "sub_frame"
   ],
   "urlFilter": "||u-stream.in/start/*&autoplay=1"
  },
  "id": 5913
 },
 {
  "action": {
   "redirect": {
    "transform": {
     "query": ""
    }
   },
   "type": "redirect"
  },
  "condition": {
   "initiatorDomains": [
    "1news.com.ua",
    "7days.ru",
    "factor.ua",
    "gamasexual.com",
    "gamasexual.ru",
    "go.mail.ru",
    "gor-master.ru",
    "igromania.ru",
    "kanobu.ru",
    "segodnya.ua",
    "sledcom.ru",
    "sm.news",
    "sport-express.ru",
    "sports.ru",
    "u24.ua",
    "xn--b1ats.xn--80asehdb"
   ],
   "isUrlFilterCaseSensitive": false,
   "resourceTypes": [
    "sub_frame"
   ],
   "urlFilter": "||youtube.com/embed/*autoplay=1"
  },
  "id": 5914
 },
 {
  "action": {
   "redirect": {
    "transform": {
     "query": ""
    }
   },
   "type": "redirect"
  },
  "condition": {
   "isUrlFilterCaseSensitive": false,
   "resourceTypes": [
    "sub_frame"
   ],
   "urlFilter": "||ok.ru/videoembed/*autoplay=1"
  },
  "id": 5915
 },
 {
  "action": {
   "redirect": {
    "transform": {
     "queryTransform": {
      "removeParams": [
       "autoplay"
      ]
     }
    }
   },
   "type": "redirect"
  },
  "condition": {
   "domainType": "thirdParty",
   "isUrlFilterCaseSensitive": false,
   "resourceTypes": [
    "sub_frame"
   ],
   "urlFilter": "||vk.com/video_ext.php?"
  },
  "id": 5921
 }
]
