[
 {
  "id": "default",
  "name": "Ads, trackers, miners, and more",
  "enabled": true,
  "homeURL": "https://github.com/uBlockOrigin/uAssets",
  "filters": {
   "total": 78892,
   "accepted": 76448,
   "rejected": 158
  },
  "rules": {
   "total": 21541,
   "plain": 20206,
   "regex": 128,
   "removeparam": 25,
   "redirect": 292,
   "csp": 60,
   "discarded": 12,
   "rejected": 830
  },
  "css": {
   "generic": {
    "count": 16592,
    "exclusionCount": 0
   },
   "specific": {
    "domainBased": 5098,
    "entityBased": 332
   },
   "declarative": 269,
   "procedural": 365
  },
  "scriptlets": {
   "domainBasedTokens": [
    "json-prune",
    "set-constant",
    "no-settimeout-if",
    "abort-on-property-read",
    "no-addeventlistener-if",
    "no-setinterval-if",
    "no-fetch-if",
    "abort-current-script",
    "no-windowopen-if",
    "abort-on-property-write",
    "no-xhr-if"
   ],
   "entityBasedTokens": [
    "no-settimeout-if",
    "no-addeventlistener-if",
    "abort-on-property-read",
    "abort-current-script",
    "set-constant",
    "no-windowopen-if",
    "abort-on-property-write"
   ]
  }
 },
 {
  "id": "alb-0",
  "name": "ALB: Adblock List for Albania",
  "enabled": false,
  "lang": "sq",
  "homeURL": "https://github.com/AnXh3L0/blocklist",
  "filters": {
   "total": 34,
   "accepted": 31,
   "rejected": 0
  },
  "rules": {
   "total": 28,
   "plain": 25,
   "regex": 0,
   "removeparam": 0,
   "redirect": 0,
   "csp": 0,
   "discarded": 0,
   "rejected": 3
  },
  "css": {
   "generic": {
    "count": 6,
    "exclusionCount": 0
   },
   "specific": {
    "domainBased": 104,
    "entityBased": 2
   },
   "declarative": 2,
   "procedural": 4
  }
 },
 {
  "id": "bgr-0",
  "name": "BGR: Bulgarian Adblock list",
  "enabled": false,
  "lang": "bg mk",
  "homeURL": "https://stanev.org/abp/",
  "filters": {
   "total": 673,
   "accepted": 673,
   "rejected": 0
  },
  "rules": {
   "total": 664,
   "plain": 664,
   "regex": 0,
   "removeparam": 0,
   "redirect": 0,
   "csp": 0,
   "discarded": 0,
   "rejected": 0
  },
  "css": {
   "generic": {
    "count": 3,
    "exclusionCount": 0
   },
   "specific": {
    "domainBased": 185,
    "entityBased": 0
   },
   "declarative": 0,
   "procedural": 0
  }
 },
 {
  "id": "chn-0",
  "name": "CHN: AdGuard Chinese (中文)",
  "enabled": false,
  "lang": "ug zh",
  "homeURL": "https://github.com/AdguardTeam/AdguardFilters#adguard-filters",
  "filters": {
   "total": 18152,
   "accepted": 18104,
   "rejected": 0
  },
  "rules": {
   "total": 6562,
   "plain": 6498,
   "regex": 17,
   "removeparam": 0,
   "redirect": 36,
   "csp": 6,
   "discarded": 0,
   "rejected": 5
  },
  "css": {
   "generic": {
    "count": 664,
    "exclusionCount": 0
   },
   "specific": {
    "domainBased": 2623,
    "entityBased": 2
   },
   "declarative": 50,
   "procedural": 90
  },
  "scriptlets": {
   "domainBasedTokens": [
    "set-constant",
    "no-fetch-if",
    "no-settimeout-if",
    "no-addeventlistener-if",
    "no-setinterval-if",
    "abort-on-property-read",
    "abort-current-script",
    "abort-on-property-write",
    "json-prune",
    "no-windowopen-if"
   ],
   "entityBasedTokens": [
    "abort-current-script"
   ]
  }
 },
 {
  "id": "cze-0",
  "name": "CZE, SVK: EasyList Czech and Slovak",
  "enabled": false,
  "lang": "cs sk",
  "homeURL": "https://github.com/tomasko126/easylistczechandslovak",
  "filters": {
   "total": 228,
   "accepted": 228,
   "rejected": 0
  },
  "rules": {
   "total": 124,
   "plain": 117,
   "regex": 0,
   "removeparam": 0,
   "redirect": 4,
   "csp": 1,
   "discarded": 0,
   "rejected": 2
  },
  "css": {
   "generic": {
    "count": 36,
    "exclusionCount": 0
   },
   "specific": {
    "domainBased": 146,
    "entityBased": 0
   },
   "declarative": 7,
   "procedural": 5
  },
  "scriptlets": {
   "domainBasedTokens": [
    "abort-on-property-read",
    "abort-current-script",
    "set-constant",
    "abort-on-property-write",
    "no-addeventlistener-if",
    "no-setinterval-if"
   ]
  }
 },
 {
  "id": "deu-0",
  "name": "DEU: EasyList Germany",
  "enabled": false,
  "lang": "de dsb hsb lb rm",
  "homeURL": "https://forums.lanik.us/viewforum.php?f=90",
  "filters": {
   "total": 2210,
   "accepted": 2210,
   "rejected": 0
  },
  "rules": {
   "total": 1704,
   "plain": 1700,
   "regex": 3,
   "removeparam": 0,
   "redirect": 0,
   "csp": 0,
   "discarded": 0,
   "rejected": 1
  },
  "css": {
   "generic": {
    "count": 351,
    "exclusionCount": 0
   },
   "specific": {
    "domainBased": 1205,
    "entityBased": 0
   },
   "declarative": 0,
   "procedural": 53
  }
 },
 {
  "id": "fin-0",
  "name": "FIN: Adblock List for Finland",
  "enabled": false,
  "lang": "fi",
  "homeURL": "https://github.com/finnish-easylist-addition/finnish-easylist-addition",
  "filters": {
   "total": 179,
   "accepted": 179,
   "rejected": 0
  },
  "rules": {
   "total": 157,
   "plain": 148,
   "regex": 3,
   "removeparam": 0,
   "redirect": 3,
   "csp": 0,
   "discarded": 0,
   "rejected": 3
  },
  "css": {
   "generic": {
    "count": 52,
    "exclusionCount": 0
   },
   "specific": {
    "domainBased": 426,
    "entityBased": 0
   },
   "declarative": 15,
   "procedural": 92
  },
  "scriptlets": {
   "domainBasedTokens": [
    "no-settimeout-if",
    "abort-current-script",
    "abort-on-property-read"
   ]
  }
 },
 {
  "id": "fra-0",
  "name": "FRA: AdGuard Français",
  "enabled": false,
  "lang": "ar br ff fr lb oc son",
  "homeURL": "https://github.com/AdguardTeam/AdguardFilters#adguard-filters",
  "filters": {
   "total": 21143,
   "accepted": 20582,
   "rejected": 546
  },
  "rules": {
   "total": 6606,
   "plain": 6553,
   "regex": 7,
   "removeparam": 0,
   "redirect": 29,
   "csp": 6,
   "discarded": 0,
   "rejected": 11
  },
  "css": {
   "generic": {
    "count": 2406,
    "exclusionCount": 0
   },
   "specific": {
    "domainBased": 1165,
    "entityBased": 2
   },
   "declarative": 32,
   "procedural": 74
  },
  "scriptlets": {
   "domainBasedTokens": [
    "no-fetch-if",
    "abort-current-script",
    "set-constant",
    "abort-on-property-read",
    "abort-on-property-write",
    "no-settimeout-if",
    "no-setinterval-if",
    "no-addeventlistener-if",
    "json-prune",
    "no-windowopen-if"
   ]
  }
 },
 {
  "id": "grc-0",
  "name": "GRC: Greek AdBlock Filter",
  "enabled": false,
  "lang": "el",
  "homeURL": "https://github.com/kargig/greek-adblockplus-filter",
  "filters": {
   "total": 455,
   "accepted": 455,
   "rejected": 0
  },
  "rules": {
   "total": 434,
   "plain": 434,
   "regex": 0,
   "removeparam": 0,
   "redirect": 0,
   "csp": 0,
   "discarded": 0,
   "rejected": 0
  },
  "css": {
   "generic": {
    "count": 1,
    "exclusionCount": 0
   },
   "specific": {
    "domainBased": 165,
    "entityBased": 0
   },
   "declarative": 5,
   "procedural": 2
  }
 },
 {
  "id": "hun-0",
  "name": "HUN: hufilter",
  "enabled": false,
  "lang": "hu",
  "homeURL": "https://github.com/hufilter/hufilter",
  "filters": {
   "total": 326,
   "accepted": 326,
   "rejected": 0
  },
  "rules": {
   "total": 202,
   "plain": 201,
   "regex": 1,
   "removeparam": 0,
   "redirect": 0,
   "csp": 0,
   "discarded": 0,
   "rejected": 0
  },
  "css": {
   "generic": {
    "count": 60,
    "exclusionCount": 0
   },
   "specific": {
    "domainBased": 457,
    "entityBased": 0
   },
   "declarative": 15,
   "procedural": 8
  },
  "scriptlets": {
   "domainBasedTokens": [
    "abort-current-script",
    "set-constant",
    "no-settimeout-if",
    "abort-on-property-write",
    "no-addeventlistener-if"
   ]
  }
 },
 {
  "id": "idn-0",
  "name": "IDN, MYS: ABPindo",
  "enabled": false,
  "lang": "id ms",
  "homeURL": "https://github.com/ABPindo/indonesianadblockrules",
  "filters": {
   "total": 4279,
   "accepted": 4279,
   "rejected": 0
  },
  "rules": {
   "total": 3035,
   "plain": 3035,
   "regex": 0,
   "removeparam": 0,
   "redirect": 0,
   "csp": 0,
   "discarded": 0,
   "rejected": 0
  },
  "css": {
   "generic": {
    "count": 228,
    "exclusionCount": 0
   },
   "specific": {
    "domainBased": 418,
    "entityBased": 0
   },
   "declarative": 2,
   "procedural": 0
  }
 },
 {
  "id": "ind-0",
  "name": "IND, LKA, NPL: IndianList",
  "enabled": false,
  "lang": "as bn gu hi kn ml mr ne pa si ta te",
  "homeURL": "https://github.com/mediumkreation/IndianList",
  "filters": {
   "total": 5355,
   "accepted": 5355,
   "rejected": 0
  },
  "rules": {
   "total": 5317,
   "plain": 5317,
   "regex": 0,
   "removeparam": 0,
   "redirect": 0,
   "csp": 0,
   "discarded": 0,
   "rejected": 0
  },
  "css": {
   "generic": {
    "count": 0,
    "exclusionCount": 0
   },
   "specific": {
    "domainBased": 2342,
    "entityBased": 0
   },
   "declarative": 0,
   "procedural": 51
  }
 },
 {
  "id": "irn-0",
  "name": "IRN: PersianBlocker",
  "enabled": false,
  "lang": "fa",
  "homeURL": "https://github.com/MasterKia/PersianBlocker",
  "filters": {
   "total": 1427,
   "accepted": 1427,
   "rejected": 0
  },
  "rules": {
   "total": 550,
   "plain": 515,
   "regex": 0,
   "removeparam": 8,
   "redirect": 0,
   "csp": 0,
   "discarded": 26,
   "rejected": 27
  },
  "css": {
   "generic": {
    "count": 14,
    "exclusionCount": 0
   },
   "specific": {
    "domainBased": 333,
    "entityBased": 0
   },
   "declarative": 40,
   "procedural": 62
  },
  "scriptlets": {
   "domainBasedTokens": [
    "no-windowopen-if",
    "no-xhr-if",
    "set-constant",
    "abort-current-script",
    "abort-on-property-read",
    "no-addeventlistener-if",
    "no-settimeout-if"
   ]
  }
 },
 {
  "id": "isl-0",
  "name": "ISL: Icelandic ABP List",
  "enabled": false,
  "lang": "is",
  "homeURL": "https://adblock.gardar.net/",
  "filters": {
   "total": 68,
   "accepted": 68,
   "rejected": 0
  },
  "rules": {
   "total": 68,
   "plain": 68,
   "regex": 0,
   "removeparam": 0,
   "redirect": 0,
   "csp": 0,
   "discarded": 0,
   "rejected": 0
  },
  "css": {
   "generic": {
    "count": 0,
    "exclusionCount": 0
   },
   "specific": {
    "domainBased": 43,
    "entityBased": 0
   },
   "declarative": 0,
   "procedural": 0
  }
 },
 {
  "id": "isr-0",
  "name": "ISR: EasyList Hebrew",
  "enabled": false,
  "lang": "he",
  "homeURL": "https://github.com/easylist/EasyListHebrew",
  "filters": {
   "total": 708,
   "accepted": 707,
   "rejected": 1
  },
  "rules": {
   "total": 283,
   "plain": 250,
   "regex": 4,
   "removeparam": 0,
   "redirect": 10,
   "csp": 1,
   "discarded": 0,
   "rejected": 18
  },
  "css": {
   "generic": {
    "count": 5,
    "exclusionCount": 0
   },
   "specific": {
    "domainBased": 120,
    "entityBased": 1
   },
   "declarative": 3,
   "procedural": 0
  },
  "scriptlets": {
   "domainBasedTokens": [
    "abort-on-property-read",
    "no-settimeout-if",
    "abort-on-property-write",
    "no-addeventlistener-if",
    "set-constant",
    "abort-current-script"
   ]
  }
 },
 {
  "id": "ita-0",
  "name": "ITA: EasyList Italy",
  "enabled": false,
  "lang": "it lij",
  "homeURL": "https://forums.lanik.us/viewforum.php?f=96",
  "filters": {
   "total": 5706,
   "accepted": 5706,
   "rejected": 0
  },
  "rules": {
   "total": 5432,
   "plain": 5427,
   "regex": 4,
   "removeparam": 0,
   "redirect": 0,
   "csp": 0,
   "discarded": 0,
   "rejected": 1
  },
  "css": {
   "generic": {
    "count": 359,
    "exclusionCount": 0
   },
   "specific": {
    "domainBased": 2103,
    "entityBased": 0
   },
   "declarative": 0,
   "procedural": 21
  }
 },
 {
  "id": "jpn-1",
  "name": "JPN: AdGuard Japanese",
  "enabled": false,
  "lang": "ja",
  "homeURL": "https://github.com/AdguardTeam/AdguardFilters#adguard-filters",
  "filters": {
   "total": 1277,
   "accepted": 1276,
   "rejected": 0
  },
  "rules": {
   "total": 860,
   "plain": 822,
   "regex": 13,
   "removeparam": 0,
   "redirect": 21,
   "csp": 0,
   "discarded": 1,
   "rejected": 4
  },
  "css": {
   "generic": {
    "count": 70,
    "exclusionCount": 0
   },
   "specific": {
    "domainBased": 2213,
    "entityBased": 8
   },
   "declarative": 98,
   "procedural": 513
  },
  "scriptlets": {
   "domainBasedTokens": [
    "no-settimeout-if",
    "no-fetch-if",
    "abort-current-script",
    "set-constant",
    "no-addeventlistener-if",
    "abort-on-property-read",
    "no-windowopen-if"
   ],
   "entityBasedTokens": [
    "no-settimeout-if",
    "abort-current-script"
   ]
  }
 },
 {
  "id": "kor-1",
  "name": "KOR: List-KR",
  "enabled": false,
  "lang": "ko",
  "homeURL": "https://github.com/List-KR/List-KR#readme",
  "filters": {
   "total": 1068,
   "accepted": 1064,
   "rejected": 0
  },
  "rules": {
   "total": 773,
   "plain": 637,
   "regex": 110,
   "removeparam": 1,
   "redirect": 19,
   "csp": 0,
   "discarded": 0,
   "rejected": 6
  },
  "css": {
   "generic": {
    "count": 3,
    "exclusionCount": 0
   },
   "specific": {
    "domainBased": 509,
    "entityBased": 0
   },
   "declarative": 88,
   "procedural": 129
  },
  "scriptlets": {
   "domainBasedTokens": [
    "abort-current-script",
    "set-constant",
    "no-settimeout-if",
    "no-xhr-if",
    "json-prune",
    "abort-on-property-read",
    "no-fetch-if"
   ]
  }
 },
 {
  "id": "ltu-0",
  "name": "LTU: EasyList Lithuania",
  "enabled": false,
  "lang": "lt",
  "homeURL": "https://github.com/EasyList-Lithuania/easylist_lithuania",
  "filters": {
   "total": 575,
   "accepted": 575,
   "rejected": 0
  },
  "rules": {
   "total": 524,
   "plain": 520,
   "regex": 1,
   "removeparam": 0,
   "redirect": 3,
   "csp": 0,
   "discarded": 0,
   "rejected": 0
  },
  "css": {
   "generic": {
    "count": 5,
    "exclusionCount": 0
   },
   "specific": {
    "domainBased": 282,
    "entityBased": 0
   },
   "declarative": 5,
   "procedural": 4
  },
  "scriptlets": {
   "domainBasedTokens": [
    "abort-current-script",
    "no-settimeout-if",
    "abort-on-property-read",
    "no-windowopen-if"
   ]
  }
 },
 {
  "id": "lva-0",
  "name": "LVA: Latvian List",
  "enabled": false,
  "lang": "lv",
  "homeURL": "https://github.com/Latvian-List/adblock-latvian",
  "filters": {
   "total": 185,
   "accepted": 185,
   "rejected": 0
  },
  "rules": {
   "total": 144,
   "plain": 144,
   "regex": 0,
   "removeparam": 0,
   "redirect": 0,
   "csp": 0,
   "discarded": 0,
   "rejected": 0
  },
  "css": {
   "generic": {
    "count": 0,
    "exclusionCount": 0
   },
   "specific": {
    "domainBased": 62,
    "entityBased": 0
   },
   "declarative": 0,
   "procedural": 0
  }
 },
 {
  "id": "nld-0",
  "name": "NLD: EasyDutch",
  "enabled": false,
  "lang": "af fy nl",
  "homeURL": "https://github.com/EasyDutch-uBO/EasyDutch/",
  "filters": {
   "total": 756,
   "accepted": 753,
   "rejected": 0
  },
  "rules": {
   "total": 651,
   "plain": 641,
   "regex": 3,
   "removeparam": 0,
   "redirect": 3,
   "csp": 0,
   "discarded": 0,
   "rejected": 4
  },
  "css": {
   "generic": {
    "count": 15,
    "exclusionCount": 0
   },
   "specific": {
    "domainBased": 658,
    "entityBased": 1
   },
   "declarative": 5,
   "procedural": 175
  },
  "scriptlets": {
   "domainBasedTokens": [
    "no-settimeout-if",
    "abort-current-script",
    "no-fetch-if",
    "set-constant",
    "abort-on-property-write",
    "abort-on-property-read",
    "no-addeventlistener-if",
    "no-windowopen-if",
    "no-setinterval-if"
   ]
  }
 },
 {
  "id": "nor-0",
  "name": "NOR, DNK, ISL: Dandelion Sprouts nordiske filtre",
  "enabled": false,
  "lang": "nb nn no da is",
  "homeURL": "https://github.com/DandelionSprout/adfilt",
  "filters": {
   "total": 863,
   "accepted": 856,
   "rejected": 0
  },
  "rules": {
   "total": 488,
   "plain": 435,
   "regex": 3,
   "removeparam": 25,
   "redirect": 3,
   "csp": 1,
   "discarded": 4,
   "rejected": 21
  },
  "css": {
   "generic": {
    "count": 124,
    "exclusionCount": 0
   },
   "specific": {
    "domainBased": 495,
    "entityBased": 13
   },
   "declarative": 29,
   "procedural": 123
  },
  "scriptlets": {
   "domainBasedTokens": [
    "set-constant",
    "abort-current-script",
    "abort-on-property-read",
    "json-prune",
    "abort-on-property-write",
    "no-fetch-if",
    "no-addeventlistener-if"
   ],
   "entityBasedTokens": [
    "no-addeventlistener-if",
    "set-constant",
    "abort-current-script",
    "abort-on-property-write"
   ]
  }
 },
 {
  "id": "pol-0",
  "name": "POL: Oficjalne Polskie Filtry do AdBlocka, uBlocka Origin i AdGuarda",
  "enabled": false,
  "lang": "szl pl",
  "homeURL": "https://github.com/MajkiIT/polish-ads-filter/issues",
  "filters": {
   "total": 1430,
   "accepted": 1428,
   "rejected": 1
  },
  "rules": {
   "total": 1054,
   "plain": 973,
   "regex": 45,
   "removeparam": 0,
   "redirect": 27,
   "csp": 0,
   "discarded": 0,
   "rejected": 9
  },
  "css": {
   "generic": {
    "count": 61,
    "exclusionCount": 0
   },
   "specific": {
    "domainBased": 2706,
    "entityBased": 0
   },
   "declarative": 99,
   "procedural": 74
  },
  "scriptlets": {
   "domainBasedTokens": [
    "no-windowopen-if",
    "abort-on-property-write",
    "no-settimeout-if",
    "abort-current-script",
    "abort-on-property-read",
    "set-constant",
    "no-addeventlistener-if",
    "no-setinterval-if"
   ]
  }
 },
 {
  "id": "rou-1",
  "name": "ROU: Romanian Ad (ROad) Block List Light",
  "enabled": false,
  "lang": "ro",
  "homeURL": "https://github.com/tcptomato/ROad-Block",
  "filters": {
   "total": 510,
   "accepted": 509,
   "rejected": 0
  },
  "rules": {
   "total": 409,
   "plain": 406,
   "regex": 3,
   "removeparam": 0,
   "redirect": 0,
   "csp": 0,
   "discarded": 0,
   "rejected": 0
  },
  "css": {
   "generic": {
    "count": 8,
    "exclusionCount": 0
   },
   "specific": {
    "domainBased": 266,
    "entityBased": 0
   },
   "declarative": 0,
   "procedural": 29
  }
 },
 {
  "id": "rus-0",
  "name": "RUS: RU AdList",
  "enabled": false,
  "lang": "be kk tt ru uk uz",
  "homeURL": "https://forums.lanik.us/viewforum.php?f=102",
  "filters": {
   "total": 17266,
   "accepted": 17247,
   "rejected": 16
  },
  "rules": {
   "total": 5926,
   "plain": 5837,
   "regex": 19,
   "removeparam": 10,
   "redirect": 15,
   "csp": 40,
   "discarded": 2,
   "rejected": 5
  },
  "css": {
   "generic": {
    "count": 307,
    "exclusionCount": 0
   },
   "specific": {
    "domainBased": 5248,
    "entityBased": 0
   },
   "declarative": 499,
   "procedural": 221
  },
  "scriptlets": {
   "domainBasedTokens": [
    "abort-current-script",
    "abort-on-property-read",
    "abort-on-property-write",
    "no-addeventlistener-if",
    "json-prune",
    "no-setinterval-if",
    "no-settimeout-if",
    "no-xhr-if",
    "set-constant",
    "no-windowopen-if"
   ],
   "entityBasedTokens": [
    "abort-current-script",
    "set-constant",
    "abort-on-property-read",
    "no-settimeout-if"
   ]
  }
 },
 {
  "id": "spa-0",
  "name": "spa: EasyList Spanish",
  "enabled": false,
  "lang": "an ast ca cak es eu gn gl trs quz",
  "homeURL": "https://forums.lanik.us/viewforum.php?f=103",
  "filters": {
   "total": 1189,
   "accepted": 1189,
   "rejected": 0
  },
  "rules": {
   "total": 692,
   "plain": 684,
   "regex": 7,
   "removeparam": 0,
   "redirect": 0,
   "csp": 0,
   "discarded": 0,
   "rejected": 1
  },
  "css": {
   "generic": {
    "count": 236,
    "exclusionCount": 0
   },
   "specific": {
    "domainBased": 791,
    "entityBased": 0
   },
   "declarative": 0,
   "procedural": 20
  }
 },
 {
  "id": "spa-1",
  "name": "spa, por: AdGuard Spanish/Portuguese",
  "enabled": false,
  "lang": "an ast ca cak es eu gl gn trs pt quz",
  "homeURL": "https://github.com/AdguardTeam/AdguardFilters#adguard-filters",
  "filters": {
   "total": 1456,
   "accepted": 1451,
   "rejected": 0
  },
  "rules": {
   "total": 965,
   "plain": 930,
   "regex": 6,
   "removeparam": 0,
   "redirect": 25,
   "csp": 0,
   "discarded": 0,
   "rejected": 4
  },
  "css": {
   "generic": {
    "count": 81,
    "exclusionCount": 0
   },
   "specific": {
    "domainBased": 1101,
    "entityBased": 4
   },
   "declarative": 73,
   "procedural": 116
  },
  "scriptlets": {
   "domainBasedTokens": [
    "abort-current-script",
    "set-constant",
    "no-fetch-if",
    "abort-on-property-read",
    "no-settimeout-if",
    "no-xhr-if",
    "abort-on-property-write",
    "no-addeventlistener-if",
    "no-windowopen-if",
    "json-prune"
   ],
   "entityBasedTokens": [
    "set-constant",
    "no-windowopen-if",
    "abort-on-property-read",
    "abort-current-script"
   ]
  }
 },
 {
  "id": "svn-0",
  "name": "SVN: Slovenian List",
  "enabled": false,
  "lang": "sl",
  "homeURL": "https://github.com/betterwebleon/slovenian-list",
  "filters": {
   "total": 148,
   "accepted": 148,
   "rejected": 0
  },
  "rules": {
   "total": 103,
   "plain": 103,
   "regex": 0,
   "removeparam": 0,
   "redirect": 0,
   "csp": 0,
   "discarded": 0,
   "rejected": 0
  },
  "css": {
   "generic": {
    "count": 4,
    "exclusionCount": 0
   },
   "specific": {
    "domainBased": 167,
    "entityBased": 0
   },
   "declarative": 0,
   "procedural": 2
  }
 },
 {
  "id": "swe-1",
  "name": "SWE: Frellwit's Swedish Filter",
  "enabled": false,
  "lang": "sv",
  "homeURL": "https://github.com/lassekongo83/Frellwits-filter-lists",
  "filters": {
   "total": 1539,
   "accepted": 1539,
   "rejected": 0
  },
  "rules": {
   "total": 1165,
   "plain": 1145,
   "regex": 2,
   "removeparam": 3,
   "redirect": 9,
   "csp": 2,
   "discarded": 3,
   "rejected": 4
  },
  "css": {
   "generic": {
    "count": 143,
    "exclusionCount": 0
   },
   "specific": {
    "domainBased": 601,
    "entityBased": 0
   },
   "declarative": 62,
   "procedural": 211
  },
  "scriptlets": {
   "domainBasedTokens": [
    "no-settimeout-if",
    "json-prune",
    "abort-current-script",
    "no-addeventlistener-if",
    "no-xhr-if",
    "set-constant",
    "abort-on-property-write",
    "no-setinterval-if",
    "abort-on-property-read"
   ]
  }
 },
 {
  "id": "tha-0",
  "name": "THA: EasyList Thailand",
  "enabled": false,
  "lang": "th",
  "homeURL": "https://github.com/easylist-thailand/easylist-thailand",
  "filters": {
   "total": 764,
   "accepted": 764,
   "rejected": 0
  },
  "rules": {
   "total": 753,
   "plain": 748,
   "regex": 3,
   "removeparam": 0,
   "redirect": 2,
   "csp": 0,
   "discarded": 0,
   "rejected": 0
  },
  "css": {
   "generic": {
    "count": 0,
    "exclusionCount": 0
   },
   "specific": {
    "domainBased": 179,
    "entityBased": 0
   },
   "declarative": 0,
   "procedural": 11
  },
  "scriptlets": {
   "domainBasedTokens": [
    "abort-on-property-read",
    "set-constant",
    "json-prune"
   ]
  }
 },
 {
  "id": "tur-0",
  "name": "TUR: AdGuard Turkish",
  "enabled": false,
  "lang": "tr",
  "homeURL": "https://github.com/AdguardTeam/AdguardFilters#adguard-filters",
  "filters": {
   "total": 1662,
   "accepted": 1661,
   "rejected": 0
  },
  "rules": {
   "total": 1240,
   "plain": 1203,
   "regex": 13,
   "removeparam": 0,
   "redirect": 16,
   "csp": 0,
   "discarded": 0,
   "rejected": 8
  },
  "css": {
   "generic": {
    "count": 107,
    "exclusionCount": 0
   },
   "specific": {
    "domainBased": 1535,
    "entityBased": 42
   },
   "declarative": 119,
   "procedural": 237
  },
  "scriptlets": {
   "domainBasedTokens": [
    "no-settimeout-if",
    "set-constant",
    "no-xhr-if",
    "no-fetch-if",
    "abort-on-property-read",
    "abort-current-script",
    "abort-on-property-write",
    "no-addeventlistener-if",
    "no-windowopen-if",
    "json-prune",
    "no-setinterval-if"
   ],
   "entityBasedTokens": [
    "set-constant",
    "no-addeventlistener-if",
    "abort-on-property-read",
    "no-windowopen-if"
   ]
  }
 },
 {
  "id": "vie-1",
  "name": "VIE: ABPVN List",
  "enabled": false,
  "lang": "vi",
  "homeURL": "https://abpvn.com/",
  "filters": {
   "total": 723,
   "accepted": 723,
   "rejected": 0
  },
  "rules": {
   "total": 558,
   "plain": 549,
   "regex": 3,
   "removeparam": 0,
   "redirect": 4,
   "csp": 2,
   "discarded": 0,
   "rejected": 0
  },
  "css": {
   "generic": {
    "count": 9,
    "exclusionCount": 0
   },
   "specific": {
    "domainBased": 406,
    "entityBased": 0
   },
   "declarative": 2,
   "procedural": 1
  },
  "scriptlets": {
   "domainBasedTokens": [
    "abort-current-script",
    "abort-on-property-read",
    "no-addeventlistener-if",
    "abort-on-property-write",
    "no-fetch-if",
    "no-settimeout-if",
    "set-constant",
    "json-prune",
    "no-xhr-if"
   ]
  }
 },
 {
  "id": "block-lan",
  "name": "Block Outsider Intrusion into LAN",
  "enabled": false,
  "homeURL": "https://github.com/uBlockOrigin/uAssets",
  "filters": {
   "total": 44,
   "accepted": 44,
   "rejected": 0
  },
  "rules": {
   "total": 10,
   "plain": 4,
   "regex": 6,
   "removeparam": 0,
   "redirect": 0,
   "csp": 0,
   "discarded": 0,
   "rejected": 0
  },
  "css": {
   "generic": {
    "count": 0,
    "exclusionCount": 0
   },
   "specific": {
    "domainBased": 0,
    "entityBased": 0
   },
   "declarative": 0,
   "procedural": 0
  }
 },
 {
  "id": "dpollock-0",
  "name": "Dan Pollock’s hosts file",
  "enabled": false,
  "homeURL": "https://someonewhocares.org/hosts/",
  "filters": {
   "total": 11397,
   "accepted": 11397,
   "rejected": 0
  },
  "rules": {
   "total": 1,
   "plain": 1,
   "regex": 0,
   "removeparam": 0,
   "redirect": 0,
   "csp": 0,
   "discarded": 0,
   "rejected": 0
  },
  "css": {
   "generic": {
    "count": 0,
    "exclusionCount": 0
   },
   "specific": {
    "domainBased": 0,
    "entityBased": 0
   },
   "declarative": 0,
   "procedural": 0
  }
 },
 {
  "id": "adguard-spyware-url",
  "name": "AdGuard URL Tracking Protection",
  "enabled": false,
  "homeURL": "https://github.com/AdguardTeam/AdguardFilters#adguard-filters",
  "filters": {
   "total": 861,
   "accepted": 860,
   "rejected": 0
  },
  "rules": {
   "total": 322,
   "plain": 0,
   "regex": 0,
   "removeparam": 254,
   "redirect": 0,
   "csp": 0,
   "discarded": 68,
   "rejected": 68
  },
  "css": {
   "generic": {
    "count": 0,
    "exclusionCount": 0
   },
   "specific": {
    "domainBased": 0,
    "entityBased": 0
   },
   "declarative": 0,
   "procedural": 0
  }
 },
 {
  "id": "cname-trackers",
  "name": "AdGuard CNAME-cloaked trackers",
  "enabled": true,
  "homeURL": "https://github.com/AdguardTeam/cname-trackers#cname-cloaked-trackers",
  "filters": {
   "total": 31427,
   "accepted": 31427,
   "rejected": 0
  },
  "rules": {
   "total": 4,
   "plain": 4,
   "regex": 0,
   "removeparam": 0,
   "redirect": 0,
   "csp": 0,
   "discarded": 0,
   "rejected": 0
  },
  "css": {
   "generic": {
    "count": 0,
    "exclusionCount": 0
   },
   "specific": {
    "domainBased": 0,
    "entityBased": 0
   },
   "declarative": 0,
   "procedural": 0
  }
 },
 {
  "id": "stevenblack-hosts",
  "name": "Steven Black's hosts file",
  "enabled": false,
  "homeURL": "https://github.com/StevenBlack/hosts#readme",
  "filters": {
   "total": 166011,
   "accepted": 166011,
   "rejected": 0
  },
  "rules": {
   "total": 2,
   "plain": 2,
   "regex": 0,
   "removeparam": 0,
   "redirect": 0,
   "csp": 0,
   "discarded": 0,
   "rejected": 0
  },
  "css": {
   "generic": {
    "count": 0,
    "exclusionCount": 0
   },
   "specific": {
    "domainBased": 0,
    "entityBased": 0
   },
   "declarative": 0,
   "procedural": 0
  }
 }
]
