[
 {
  "action": {
   "responseHeaders": [
    {
     "header": "content-security-policy",
     "operation": "append",
     "value": "script-src 'self' * 'unsafe-eval'"
    }
   ],
   "type": "modifyHeaders"
  },
  "condition": {
   "requestDomains": [
    "chinanewsx.com",
    "zoukankan.com"
   ],
   "resourceTypes": [
    "main_frame",
    "sub_frame"
   ]
  },
  "id": 6538
 },
 {
  "action": {
   "responseHeaders": [
    {
     "header": "content-security-policy",
     "operation": "append",
     "value": "script-src 'self' * 'unsafe-inline'"
    }
   ],
   "type": "modifyHeaders"
  },
  "condition": {
   "requestDomains": [
    "24kwx.cc",
    "anixwallpaper.com",
    "hugo3c.tw"
   ],
   "resourceTypes": [
    "main_frame",
    "sub_frame"
   ]
  },
  "id": 6539
 },
 {
  "action": {
   "responseHeaders": [
    {
     "header": "content-security-policy",
     "operation": "append",
     "value": "script-src"
    }
   ],
   "type": "modifyHeaders"
  },
  "condition": {
   "requestDomains": [
    "57577.live"
   ],
   "resourceTypes": [
    "main_frame",
    "sub_frame"
   ]
  },
  "id": 6540
 },
 {
  "action": {
   "responseHeaders": [
    {
     "header": "content-security-policy",
     "operation": "append",
     "value": "script-src"
    }
   ],
   "type": "modifyHeaders"
  },
  "condition": {
   "isUrlFilterCaseSensitive": false,
   "resourceTypes": [
    "main_frame",
    "sub_frame"
   ],
   "urlFilter": ".html?android=hx*&_"
  },
  "id": 6541
 },
 {
  "action": {
   "responseHeaders": [
    {
     "header": "content-security-policy",
     "operation": "append",
     "value": "script-src"
    }
   ],
   "type": "modifyHeaders"
  },
  "condition": {
   "isUrlFilterCaseSensitive": false,
   "resourceTypes": [
    "main_frame",
    "sub_frame"
   ],
   "urlFilter": "://*:*/chunyu.html?k="
  },
  "id": 6542
 },
 {
  "action": {
   "responseHeaders": [
    {
     "header": "content-security-policy",
     "operation": "append",
     "value": "script-src"
    }
   ],
   "type": "modifyHeaders"
  },
  "condition": {
   "isUrlFilterCaseSensitive": false,
   "resourceTypes": [
    "main_frame",
    "sub_frame"
   ],
   "urlFilter": "://*:*/yeyue.html?k="
  },
  "id": 6543
 }
]
