[
 {
  "action": {
   "responseHeaders": [
    {
     "header": "content-security-policy",
     "operation": "append",
     "value": "worker-src 'none';"
    }
   ],
   "type": "modifyHeaders"
  },
  "condition": {
   "isUrlFilterCaseSensitive": false,
   "resourceTypes": [
    "main_frame",
    "sub_frame"
   ],
   "urlFilter": "||steamplay."
  },
  "id": 20530
 },
 {
  "action": {
   "responseHeaders": [
    {
     "header": "content-security-policy",
     "operation": "append",
     "value": "script-src 'self' 'unsafe-inline' 'unsafe-eval' data: https://disqus.com *.disqus.com *.google-analytics.com *.disquscdn.com"
    }
   ],
   "type": "modifyHeaders"
  },
  "condition": {
   "requestDomains": [
    "hotscope.tv"
   ],
   "resourceTypes": [
    "main_frame",
    "sub_frame"
   ]
  },
  "id": 20533
 },
 {
  "action": {
   "responseHeaders": [
    {
     "header": "content-security-policy",
     "operation": "append",
     "value": "sandbox allow-forms allow-same-origin allow-scripts allow-modals allow-orientation-lock allow-pointer-lock allow-presentation allow-top-navigation"
    }
   ],
   "type": "modifyHeaders"
  },
  "condition": {
   "requestDomains": [
    "3dmili.com",
    "cloudgallery.net",
    "file-upload.com",
    "imghot.net",
    "lnk.news",
    "lnk.parts",
    "yusepjaelani.blogspot.com"
   ],
   "resourceTypes": [
    "main_frame",
    "sub_frame"
   ]
  },
  "id": 20534
 },
 {
  "action": {
   "responseHeaders": [
    {
     "header": "content-security-policy",
     "operation": "append",
     "value": "script-src 'self' 'unsafe-inline' 'unsafe-eval' data: blob: *.peer5.com *.jwpcdn.com *.googletagmanager.com *.cloudflare.com *.jquery.com *.jsdelivr.net *.bootstrapcdn.com"
    }
   ],
   "type": "modifyHeaders"
  },
  "condition": {
   "requestDomains": [
    "datoporn.co"
   ],
   "resourceTypes": [
    "main_frame",
    "sub_frame"
   ]
  },
  "id": 20535
 },
 {
  "action": {
   "responseHeaders": [
    {
     "header": "content-security-policy",
     "operation": "append",
     "value": "script-src 'self' 'unsafe-inline' 'unsafe-eval' data: *.gstatic.com *.google.com *.googletagmanager.com *.recaptcha.net"
    }
   ],
   "type": "modifyHeaders"
  },
  "condition": {
   "requestDomains": [
    "uii.io"
   ],
   "resourceTypes": [
    "main_frame",
    "sub_frame"
   ]
  },
  "id": 20536
 },
 {
  "action": {
   "responseHeaders": [
    {
     "header": "content-security-policy",
     "operation": "append",
     "value": "connect-src 'self'"
    }
   ],
   "type": "modifyHeaders"
  },
  "condition": {
   "requestDomains": [
    "porndoe.com"
   ],
   "resourceTypes": [
    "main_frame",
    "sub_frame"
   ]
  },
  "id": 20537
 },
 {
  "action": {
   "responseHeaders": [
    {
     "header": "content-security-policy",
     "operation": "append",
     "value": "worker-src 'none'"
    }
   ],
   "type": "modifyHeaders"
  },
  "condition": {
   "requestDomains": [
    "game-dna.de",
    "hdvid.tv",
    "inside-out.xyz",
    "potomy.ru",
    "sickrage.ca",
    "sorteosrd.com",
    "void.cat"
   ],
   "resourceTypes": [
    "main_frame",
    "sub_frame"
   ]
  },
  "id": 20538
 },
 {
  "action": {
   "responseHeaders": [
    {
     "header": "content-security-policy",
     "operation": "append",
     "value": "default-src 'self' 'unsafe-inline'"
    }
   ],
   "type": "modifyHeaders"
  },
  "condition": {
   "requestDomains": [
    "uploadfiles.pw"
   ],
   "resourceTypes": [
    "main_frame",
    "sub_frame"
   ]
  },
  "id": 20539
 },
 {
  "action": {
   "responseHeaders": [
    {
     "header": "content-security-policy",
     "operation": "append",
     "value": "script-src 'self' data:"
    }
   ],
   "type": "modifyHeaders"
  },
  "condition": {
   "requestDomains": [
    "xxxwebdlxxx.org"
   ],
   "resourceTypes": [
    "main_frame",
    "sub_frame"
   ]
  },
  "id": 20540
 },
 {
  "action": {
   "responseHeaders": [
    {
     "header": "content-security-policy",
     "operation": "append",
     "value": "frame-src"
    }
   ],
   "type": "modifyHeaders"
  },
  "condition": {
   "isUrlFilterCaseSensitive": false,
   "resourceTypes": [
    "main_frame",
    "sub_frame"
   ],
   "urlFilter": "||pornid."
  },
  "id": 20541
 },
 {
  "action": {
   "responseHeaders": [
    {
     "header": "content-security-policy",
     "operation": "append",
     "value": "script-src 'self' 'unsafe-eval' 'unsafe-inline' data: *.googletagservices.com *.google-analytics.com"
    }
   ],
   "type": "modifyHeaders"
  },
  "condition": {
   "requestDomains": [
    "uppit.com"
   ],
   "resourceTypes": [
    "main_frame",
    "sub_frame"
   ]
  },
  "id": 20542
 },
 {
  "action": {
   "responseHeaders": [
    {
     "header": "content-security-policy",
     "operation": "append",
     "value": "child-src *.google.com *.gstatic.com *.arc.io"
    }
   ],
   "type": "modifyHeaders"
  },
  "condition": {
   "requestDomains": [
    "pradjadj.com"
   ],
   "resourceTypes": [
    "main_frame",
    "sub_frame"
   ]
  },
  "id": 20543
 },
 {
  "action": {
   "responseHeaders": [
    {
     "header": "content-security-policy",
     "operation": "append",
     "value": "script-src 'self' 'unsafe-inline' 'unsafe-eval' *.googletagservices.com *.wp.com *.air.tv *.addthis.com *.cloudflare.com *.facebook.net *.facebook.com *.gstatic.com *.youtube.com *.ytimg.com *.google.com *.googletagmanager.com *.instagram.com"
    }
   ],
   "type": "modifyHeaders"
  },
  "condition": {
   "requestDomains": [
    "goodnewsnetwork.org"
   ],
   "resourceTypes": [
    "main_frame",
    "sub_frame"
   ]
  },
  "id": 20544
 },
 {
  "action": {
   "responseHeaders": [
    {
     "header": "content-security-policy",
     "operation": "append",
     "value": "script-src 'self' 'unsafe-inline' *.google.com *.xasiatvideo.com *.cloudflare.com *.gstatic.com *.googletagmanager.com"
    }
   ],
   "type": "modifyHeaders"
  },
  "condition": {
   "requestDomains": [
    "xasiat.com"
   ],
   "resourceTypes": [
    "main_frame",
    "sub_frame"
   ]
  },
  "id": 20545
 },
 {
  "action": {
   "responseHeaders": [
    {
     "header": "content-security-policy",
     "operation": "append",
     "value": "script-src 'self' 'unsafe-inline' *.google.com *.xasiat.com *.cloudflare.com *.gstatic.com *.googletagmanager.com"
    }
   ],
   "type": "modifyHeaders"
  },
  "condition": {
   "requestDomains": [
    "xasiatvideo.com"
   ],
   "resourceTypes": [
    "main_frame",
    "sub_frame"
   ]
  },
  "id": 20546
 },
 {
  "action": {
   "responseHeaders": [
    {
     "header": "content-security-policy",
     "operation": "append",
     "value": "frame-src"
    }
   ],
   "type": "modifyHeaders"
  },
  "condition": {
   "requestDomains": [
    "shrink-service.it",
    "vidia.tv"
   ],
   "resourceTypes": [
    "main_frame",
    "sub_frame"
   ]
  },
  "id": 20547
 },
 {
  "action": {
   "responseHeaders": [
    {
     "header": "content-security-policy",
     "operation": "append",
     "value": "script-src * 'unsafe-inline'"
    }
   ],
   "type": "modifyHeaders"
  },
  "condition": {
   "requestDomains": [
    "cloudgallery.net",
    "filmovi.ws",
    "imghot.net",
    "serijefilmovi.com",
    "smotret-anime-365.ru"
   ],
   "resourceTypes": [
    "main_frame",
    "sub_frame"
   ]
  },
  "id": 20548
 },
 {
  "action": {
   "responseHeaders": [
    {
     "header": "content-security-policy",
     "operation": "append",
     "value": "script-src 'self' 'unsafe-inline' *.googletagmanager.com *.recaptcha.net *.gstatic.com *.google.com"
    }
   ],
   "type": "modifyHeaders"
  },
  "condition": {
   "requestDomains": [
    "aii.sh"
   ],
   "resourceTypes": [
    "main_frame",
    "sub_frame"
   ]
  },
  "id": 20549
 },
 {
  "action": {
   "responseHeaders": [
    {
     "header": "content-security-policy",
     "operation": "append",
     "value": "default-src 'self' 'unsafe-inline' *.googleapis.com *.google.com *.gstatic.com *.google-analytics.com"
    }
   ],
   "type": "modifyHeaders"
  },
  "condition": {
   "requestDomains": [
    "onlineproxy.eu"
   ],
   "resourceTypes": [
    "main_frame",
    "sub_frame"
   ]
  },
  "id": 20550
 },
 {
  "action": {
   "responseHeaders": [
    {
     "header": "content-security-policy",
     "operation": "append",
     "value": "script-src 'self' 'unsafe-inline' *.gstatic.com *.google.com *.googletagmanager.com *.googleapis.com;frame-src 'self' *.google.com;connect-src 'self'"
    }
   ],
   "type": "modifyHeaders"
  },
  "condition": {
   "requestDomains": [
    "shon.xyz"
   ],
   "resourceTypes": [
    "main_frame",
    "sub_frame"
   ]
  },
  "id": 20551
 },
 {
  "action": {
   "responseHeaders": [
    {
     "header": "content-security-policy",
     "operation": "append",
     "value": "script-src 'self' 'unsafe-inline' blob: *.cloudflare.com *.google-analytics.com *.googleapis.com *.gstatic.com *.radiantmediatechs.com"
    }
   ],
   "type": "modifyHeaders"
  },
  "condition": {
   "isUrlFilterCaseSensitive": false,
   "resourceTypes": [
    "main_frame",
    "sub_frame"
   ],
   "urlFilter": "||upclips.online"
  },
  "id": 20552
 },
 {
  "action": {
   "responseHeaders": [
    {
     "header": "content-security-policy",
     "operation": "append",
     "value": "child-src *"
    }
   ],
   "type": "modifyHeaders"
  },
  "condition": {
   "requestDomains": [
    "heavy-r.com",
    "porngo.com",
    "showbiz.cz"
   ],
   "resourceTypes": [
    "main_frame",
    "sub_frame"
   ]
  },
  "id": 20553
 },
 {
  "action": {
   "responseHeaders": [
    {
     "header": "content-security-policy",
     "operation": "append",
     "value": "sandbox allow-forms allow-same-origin allow-scripts allow-modals allow-orientation-lock allow-pointer-lock allow-presentation allow-top-navigation"
    }
   ],
   "type": "modifyHeaders"
  },
  "condition": {
   "isUrlFilterCaseSensitive": false,
   "resourceTypes": [
    "main_frame",
    "sub_frame"
   ],
   "urlFilter": "||imgzong."
  },
  "id": 20554
 },
 {
  "action": {
   "responseHeaders": [
    {
     "header": "content-security-policy",
     "operation": "append",
     "value": "script-src * 'unsafe-inline'"
    }
   ],
   "type": "modifyHeaders"
  },
  "condition": {
   "isUrlFilterCaseSensitive": false,
   "resourceTypes": [
    "main_frame",
    "sub_frame"
   ],
   "urlFilter": "||imgzong."
  },
  "id": 20555
 },
 {
  "action": {
   "responseHeaders": [
    {
     "header": "content-security-policy",
     "operation": "append",
     "value": "script-src *"
    }
   ],
   "type": "modifyHeaders"
  },
  "condition": {
   "requestDomains": [
    "2conv.com",
    "classicpornbest.com",
    "flvto.biz",
    "sportkart.xyz"
   ],
   "resourceTypes": [
    "main_frame",
    "sub_frame"
   ]
  },
  "id": 20556
 },
 {
  "action": {
   "responseHeaders": [
    {
     "header": "content-security-policy",
     "operation": "append",
     "value": "connect-src https: http:"
    }
   ],
   "type": "modifyHeaders"
  },
  "condition": {
   "requestDomains": [
    "4chan.org"
   ],
   "resourceTypes": [
    "main_frame",
    "sub_frame"
   ]
  },
  "id": 20557
 },
 {
  "action": {
   "responseHeaders": [
    {
     "header": "content-security-policy",
     "operation": "append",
     "value": "script-src * 'unsafe-inline'"
    }
   ],
   "type": "modifyHeaders"
  },
  "condition": {
   "isUrlFilterCaseSensitive": false,
   "resourceTypes": [
    "main_frame",
    "sub_frame"
   ],
   "urlFilter": "||xtits."
  },
  "id": 20558
 },
 {
  "action": {
   "responseHeaders": [
    {
     "header": "content-security-policy",
     "operation": "append",
     "value": "default-src 'self' 'unsafe-inline' *.gstatic.com *.googleapis.com *.bootstrapcdn.com *.fontawesome.com *.cloudflare.com *.youtube.com *.ytimg.com"
    }
   ],
   "type": "modifyHeaders"
  },
  "condition": {
   "requestDomains": [
    "nollyverse.com"
   ],
   "resourceTypes": [
    "main_frame",
    "sub_frame"
   ]
  },
  "id": 20559
 },
 {
  "action": {
   "responseHeaders": [
    {
     "header": "content-security-policy",
     "operation": "append",
     "value": "default-src 'self' *.favicon.cc *.google.com *.gstatic.com *.googleapis.com"
    }
   ],
   "type": "modifyHeaders"
  },
  "condition": {
   "isUrlFilterCaseSensitive": false,
   "resourceTypes": [
    "main_frame",
    "sub_frame"
   ],
   "urlFilter": "||shortlinkto."
  },
  "id": 20560
 },
 {
  "action": {
   "responseHeaders": [
    {
     "header": "content-security-policy",
     "operation": "append",
     "value": "script-src"
    }
   ],
   "type": "modifyHeaders"
  },
  "condition": {
   "requestDomains": [
    "xxxbule.com"
   ],
   "resourceTypes": [
    "main_frame",
    "sub_frame"
   ]
  },
  "id": 20562
 },
 {
  "action": {
   "responseHeaders": [
    {
     "header": "content-security-policy",
     "operation": "append",
     "value": "default-src 'unsafe-inline' 'self' data: *.ytimg.com *.facebook.com *.google.com *.gstatic.com *.youtube.com *.googleapis.com *.wp.com *.gospeljingle.com *.googletagmanager.com"
    }
   ],
   "type": "modifyHeaders"
  },
  "condition": {
   "requestDomains": [
    "gospeljingle.com"
   ],
   "resourceTypes": [
    "main_frame",
    "sub_frame"
   ]
  },
  "id": 20563
 },
 {
  "action": {
   "responseHeaders": [
    {
     "header": "content-security-policy",
     "operation": "append",
     "value": "default-src 'unsafe-inline' 'self' *.google.com *.gstatic.com *.googleapis.com *.wp.com *.googletagmanager.com *.jquery.com"
    }
   ],
   "type": "modifyHeaders"
  },
  "condition": {
   "requestDomains": [
    "krunkercentral.com"
   ],
   "resourceTypes": [
    "main_frame",
    "sub_frame"
   ]
  },
  "id": 20564
 },
 {
  "action": {
   "responseHeaders": [
    {
     "header": "content-security-policy",
     "operation": "append",
     "value": "default-src 'unsafe-inline' 'self' https://extraimage.net *.extraimage.info *.imgur.com *.wikimedia.org *.dyncdn.cc *.picturedent.org https://checkmy.pictures *.dirp.me *.googleapis.com *.gstatic.com"
    }
   ],
   "type": "modifyHeaders"
  },
  "condition": {
   "requestDomains": [
    "dirp.me"
   ],
   "resourceTypes": [
    "main_frame",
    "sub_frame"
   ]
  },
  "id": 20565
 },
 {
  "action": {
   "responseHeaders": [
    {
     "header": "content-security-policy",
     "operation": "append",
     "value": "default-src 'self' *.favicon.cc *.google.com *.gstatic.com *.googleapis.com"
    }
   ],
   "type": "modifyHeaders"
  },
  "condition": {
   "isUrlFilterCaseSensitive": false,
   "resourceTypes": [
    "main_frame",
    "sub_frame"
   ],
   "urlFilter": "||uptobhai."
  },
  "id": 20566
 },
 {
  "action": {
   "responseHeaders": [
    {
     "header": "content-security-policy",
     "operation": "append",
     "value": "default-src 'self'"
    }
   ],
   "type": "modifyHeaders"
  },
  "condition": {
   "isUrlFilterCaseSensitive": false,
   "resourceTypes": [
    "main_frame",
    "sub_frame"
   ],
   "urlFilter": "||coolmoviez."
  },
  "id": 20568
 },
 {
  "action": {
   "responseHeaders": [
    {
     "header": "content-security-policy",
     "operation": "append",
     "value": "default-src 'unsafe-inline' 'self' *.bootstrapcdn.com *.gstatic.com *.googleapis.com *.ytimg.com"
    }
   ],
   "type": "modifyHeaders"
  },
  "condition": {
   "requestDomains": [
    "ytix.xyz"
   ],
   "resourceTypes": [
    "main_frame",
    "sub_frame"
   ]
  },
  "id": 20569
 },
 {
  "action": {
   "responseHeaders": [
    {
     "header": "content-security-policy",
     "operation": "append",
     "value": "script-src"
    }
   ],
   "type": "modifyHeaders"
  },
  "condition": {
   "isUrlFilterCaseSensitive": false,
   "resourceTypes": [
    "main_frame",
    "sub_frame"
   ],
   "urlFilter": "||iranicard.ir/%d8%ae%d8%b1%db%8c%d8%af-%d8%a7%da%a9%d8%a7%d9%86%d8%aa-%d8%a7%d8%b3%d9%be%d8%a7%d8%aa%db%8c%d9%81%d8%a7%db%8c-spotify-2/?utm_medium=banner^"
  },
  "id": 20571
 },
 {
  "action": {
   "responseHeaders": [
    {
     "header": "content-security-policy",
     "operation": "append",
     "value": "script-src"
    }
   ],
   "type": "modifyHeaders"
  },
  "condition": {
   "isUrlFilterCaseSensitive": false,
   "resourceTypes": [
    "main_frame",
    "sub_frame"
   ],
   "urlFilter": "||asiatech.ir/tabestan1401/?utm_medium=referral^"
  },
  "id": 20572
 },
 {
  "action": {
   "responseHeaders": [
    {
     "header": "content-security-policy",
     "operation": "append",
     "value": "script-src"
    }
   ],
   "type": "modifyHeaders"
  },
  "condition": {
   "isUrlFilterCaseSensitive": false,
   "resourceTypes": [
    "main_frame",
    "sub_frame"
   ],
   "urlFilter": "||ok-ex.io/?utm_medium=banner^"
  },
  "id": 20573
 },
 {
  "action": {
   "responseHeaders": [
    {
     "header": "content-security-policy",
     "operation": "append",
     "value": "default-src 'unsafe-inline' 'self' *.gstatic.com *.googleapis.com *.jquery.com"
    }
   ],
   "type": "modifyHeaders"
  },
  "condition": {
   "isUrlFilterCaseSensitive": false,
   "resourceTypes": [
    "main_frame",
    "sub_frame"
   ],
   "urlFilter": "||tirexo."
  },
  "id": 20574
 },
 {
  "action": {
   "responseHeaders": [
    {
     "header": "content-security-policy",
     "operation": "append",
     "value": "child-src"
    }
   ],
   "type": "modifyHeaders"
  },
  "condition": {
   "requestDomains": [
    "comparetvs.net"
   ],
   "resourceTypes": [
    "main_frame",
    "sub_frame"
   ]
  },
  "id": 20575
 },
 {
  "action": {
   "responseHeaders": [
    {
     "header": "content-security-policy",
     "operation": "append",
     "value": "worker-src 'none'"
    }
   ],
   "type": "modifyHeaders"
  },
  "condition": {
   "initiatorDomains": [
    "123moviesgo.nl",
    "alltube.pl",
    "alltube.tv",
    "assia1.tv",
    "assia2.tv",
    "bmovies123.me",
    "centrum-dramy.pl",
    "cmovies.ac",
    "coinfaucet.eu",
    "crictime.com",
    "crictime.is",
    "deltabit.co",
    "doodcdn.com",
    "estream.to",
    "extreme-down.tv",
    "flashx.co",
    "flashx.pw",
    "flashx.to",
    "flashx.tv",
    "fmoviesgo.me",
    "gomo.to",
    "hdvid.fun",
    "hdvid.tv",
    "hitomi.la",
    "kinox.to",
    "lewd.ninja",
    "megapastes.com",
    "milujivareni.cz",
    "nflbite.com",
    "pirateproxy.live",
    "plytv.me",
    "potomy.ru",
    "powvideo.cc",
    "powvideo.net",
    "putlocker.to",
    "reactor.cc",
    "rojadirecta.watch",
    "sickrage.ca",
    "skytorrents.me",
    "streamtape.com",
    "subswiki.com",
    "thehiddenbay.com",
    "thepiratebay.org",
    "thepiratebay10.org",
    "torlock.com",
    "tpb.party",
    "unblocktheship.org",
    "uptomega.me",
    "ustream.to",
    "vidoza.co",
    "vidoza.net",
    "vidtodo.pro",
    "wallpoper.com",
    "wearesaudis.net",
    "yazilir.com"
   ],
   "resourceTypes": [
    "main_frame",
    "sub_frame"
   ]
  },
  "id": 20576
 },
 {
  "action": {
   "responseHeaders": [
    {
     "header": "content-security-policy",
     "operation": "append",
     "value": "child-src 'none';frame-src 'self' *;worker-src 'none';"
    }
   ],
   "type": "modifyHeaders"
  },
  "condition": {
   "requestDomains": [
    "fileone.tv"
   ],
   "resourceTypes": [
    "main_frame",
    "sub_frame"
   ]
  },
  "id": 20577
 },
 {
  "action": {
   "responseHeaders": [
    {
     "header": "content-security-policy",
     "operation": "append",
     "value": "worker-src 'none';"
    }
   ],
   "type": "modifyHeaders"
  },
  "condition": {
   "requestDomains": [
    "fiddle.jshell.net",
    "leitor.net",
    "revdl.com"
   ],
   "resourceTypes": [
    "main_frame",
    "sub_frame"
   ]
  },
  "id": 20578
 },
 {
  "action": {
   "responseHeaders": [
    {
     "header": "content-security-policy",
     "operation": "append",
     "value": "worker-src 'none';"
    }
   ],
   "type": "modifyHeaders"
  },
  "condition": {
   "isUrlFilterCaseSensitive": false,
   "resourceTypes": [
    "main_frame",
    "sub_frame"
   ],
   "urlFilter": "||thevideo."
  },
  "id": 20579
 },
 {
  "action": {
   "responseHeaders": [
    {
     "header": "content-security-policy",
     "operation": "append",
     "value": "worker-src 'none'"
    }
   ],
   "type": "modifyHeaders"
  },
  "condition": {
   "isUrlFilterCaseSensitive": false,
   "resourceTypes": [
    "main_frame",
    "sub_frame"
   ],
   "urlFilter": "||dragonballzpolo."
  },
  "id": 20580
 },
 {
  "action": {
   "responseHeaders": [
    {
     "header": "content-security-policy",
     "operation": "append",
     "value": "worker-src 'none';"
    }
   ],
   "type": "modifyHeaders"
  },
  "condition": {
   "isUrlFilterCaseSensitive": false,
   "resourceTypes": [
    "main_frame",
    "sub_frame"
   ],
   "urlFilter": "||firstonetv."
  },
  "id": 20581
 },
 {
  "action": {
   "responseHeaders": [
    {
     "header": "content-security-policy",
     "operation": "append",
     "value": "worker-src 'none';"
    }
   ],
   "type": "modifyHeaders"
  },
  "condition": {
   "isUrlFilterCaseSensitive": false,
   "resourceTypes": [
    "main_frame",
    "sub_frame"
   ],
   "urlFilter": "||firstone."
  },
  "id": 20582
 },
 {
  "action": {
   "responseHeaders": [
    {
     "header": "content-security-policy",
     "operation": "append",
     "value": "connect-src 'none';"
    }
   ],
   "type": "modifyHeaders"
  },
  "condition": {
   "isUrlFilterCaseSensitive": false,
   "resourceTypes": [
    "main_frame",
    "sub_frame"
   ],
   "urlFilter": "||firstonetv."
  },
  "id": 20583
 },
 {
  "action": {
   "responseHeaders": [
    {
     "header": "content-security-policy",
     "operation": "append",
     "value": "script-src 'self' '*' 'unsafe-inline'"
    }
   ],
   "type": "modifyHeaders"
  },
  "condition": {
   "initiatorDomains": [
    "downloadpirate.com",
    "linksmore.site",
    "pirateproxy.live",
    "thehiddenbay.com",
    "thepiratebay10.org",
    "ukpass.co"
   ],
   "resourceTypes": [
    "main_frame",
    "sub_frame"
   ]
  },
  "id": 20584
 },
 {
  "action": {
   "responseHeaders": [
    {
     "header": "content-security-policy",
     "operation": "append",
     "value": "script-src 'self' 'unsafe-inline' 'unsafe-eval' data:"
    }
   ],
   "type": "modifyHeaders"
  },
  "condition": {
   "requestDomains": [
    "1337x.to"
   ],
   "resourceTypes": [
    "main_frame",
    "sub_frame"
   ]
  },
  "id": 20585
 },
 {
  "action": {
   "responseHeaders": [
    {
     "header": "content-security-policy",
     "operation": "append",
     "value": "default-src 'self' i.ytimg.com *.clipconverter.cc 'unsafe-inline' data: blob:"
    }
   ],
   "type": "modifyHeaders"
  },
  "condition": {
   "requestDomains": [
    "clipconverter.cc"
   ],
   "resourceTypes": [
    "main_frame",
    "sub_frame"
   ]
  },
  "id": 20586
 },
 {
  "action": {
   "responseHeaders": [
    {
     "header": "content-security-policy",
     "operation": "append",
     "value": "script-src 'self' '*' 'unsafe-inline'"
    }
   ],
   "type": "modifyHeaders"
  },
  "condition": {
   "requestDomains": [
    "convertfiles.com",
    "moviewatcher.is"
   ],
   "resourceTypes": [
    "main_frame",
    "sub_frame"
   ]
  },
  "id": 20587
 },
 {
  "action": {
   "responseHeaders": [
    {
     "header": "content-security-policy",
     "operation": "append",
     "value": "script-src 'self' '*' 'unsafe-inline' *.gstatic.com *.google.com *.googleapis.com *.bootstrapcdn.com"
    }
   ],
   "type": "modifyHeaders"
  },
  "condition": {
   "requestDomains": [
    "gelbooru.com"
   ],
   "resourceTypes": [
    "main_frame",
    "sub_frame"
   ]
  },
  "id": 20588
 },
 {
  "action": {
   "responseHeaders": [
    {
     "header": "content-security-policy",
     "operation": "append",
     "value": "script-src 'self' 'unsafe-inline' https://hcaptcha.com *.hcaptcha.com"
    }
   ],
   "type": "modifyHeaders"
  },
  "condition": {
   "requestDomains": [
    "pirateiro.com"
   ],
   "resourceTypes": [
    "main_frame",
    "sub_frame"
   ]
  },
  "id": 20589
 },
 {
  "action": {
   "responseHeaders": [
    {
     "header": "content-security-policy",
     "operation": "append",
     "value": "script-src *.leadpages.net *.gstatic.com *.google.com *.googleapis.com *.playwire.com *.facebook.com *.bootstrapcdn.com"
    }
   ],
   "type": "modifyHeaders"
  },
  "condition": {
   "requestDomains": [
    "activistpost.com"
   ],
   "resourceTypes": [
    "main_frame",
    "sub_frame"
   ]
  },
  "id": 20590
 },
 {
  "action": {
   "responseHeaders": [
    {
     "header": "content-security-policy",
     "operation": "append",
     "value": "child-src 'none'; frame-src 'self' *; worker-src 'none'"
    }
   ],
   "type": "modifyHeaders"
  },
  "condition": {
   "initiatorDomains": [
    "fileone.tv",
    "theappguruz.com"
   ],
   "resourceTypes": [
    "main_frame",
    "sub_frame"
   ]
  },
  "id": 20591
 },
 {
  "action": {
   "responseHeaders": [
    {
     "header": "content-security-policy",
     "operation": "append",
     "value": "child-src 'none'; frame-src *; worker-src 'none'"
    }
   ],
   "type": "modifyHeaders"
  },
  "condition": {
   "initiatorDomains": [
    "skyback.ru",
    "szukajka.tv",
    "thepiratebay.org",
    "vidoza.net"
   ],
   "resourceTypes": [
    "main_frame",
    "sub_frame"
   ]
  },
  "id": 20592
 },
 {
  "action": {
   "responseHeaders": [
    {
     "header": "content-security-policy",
     "operation": "append",
     "value": "default-src 'unsafe-inline' 'unsafe-eval' 'self' *.google.com *.gstatic.com *.googleapis.com *.googletagmanager.com *.jquery.com *.bootstrapcdn.com *.jsdelivr.net *.cloudflare.com"
    }
   ],
   "type": "modifyHeaders"
  },
  "condition": {
   "requestDomains": [
    "just-upload.com"
   ],
   "resourceTypes": [
    "main_frame"
   ]
  },
  "id": 20659
 },
 {
  "action": {
   "responseHeaders": [
    {
     "header": "content-security-policy",
     "operation": "append",
     "value": "script-src 'self' 'unsafe-inline' 'unsafe-eval' data: *.cloudflare.com *.google.com *.addthis.com *.addthisedge.com *.facebook.net *.twitter.com *.jquery.com"
    }
   ],
   "type": "modifyHeaders"
  },
  "condition": {
   "domainType": "firstParty",
   "initiatorDomains": [
    "kinos.to",
    "kinox.am",
    "kinox.bz",
    "kinox.click",
    "kinox.cloud",
    "kinox.club",
    "kinox.digital",
    "kinox.direct",
    "kinox.express",
    "kinox.fun",
    "kinox.fyi",
    "kinox.gratis",
    "kinox.io",
    "kinox.lol",
    "kinox.me",
    "kinox.mobi",
    "kinox.pub",
    "kinox.sh",
    "kinox.sx",
    "kinox.to",
    "kinox.tube",
    "kinox.tv",
    "kinox.wtf",
    "kinoz.to"
   ],
   "resourceTypes": [
    "main_frame",
    "sub_frame"
   ]
  },
  "id": 20696
 }
]
