[
 {
  "action": {
   "responseHeaders": [
    {
     "header": "content-security-policy",
     "operation": "append",
     "value": "worker-src 'none'"
    }
   ],
   "type": "modifyHeaders"
  },
  "condition": {
   "initiatorDomains": [
    "arnaques-internet.info",
    "atk-exotics.com",
    "atkebony.com",
    "bmovies123.me",
    "centrum-dramy.pl",
    "chemikino.ru",
    "clipwatching.com",
    "coinfaucet.eu",
    "cracklists.com",
    "crictime.com",
    "crictime.is",
    "crimedocumentary.com",
    "deltabit.co",
    "descargas2020.com",
    "domnuleprimar.ro",
    "fileone.tv",
    "filmovix.com",
    "filmovix.net",
    "filmovix.org",
    "firstone.tv",
    "firstonetv.eu",
    "firstonetv.live",
    "flashx.net",
    "flashx.pw",
    "flashx.tv",
    "fmoviesgo.me",
    "funtik.tv",
    "genashowalter.com",
    "gomovie123.me",
    "hdvid.online",
    "hdvid.tv",
    "ianimes.org",
    "javbros.com",
    "lewd.ninja",
    "luckybitco.in",
    "movie4k.is",
    "nahnoji.cz",
    "neurozinzin.com",
    "novator.az",
    "onion.ly",
    "onion.pet",
    "openload.cc",
    "ovid.tv",
    "pebx.pl",
    "peliculas24.me",
    "pelisplus.online",
    "pezeshk.us",
    "powvideo.net",
    "salon.com",
    "seriesenlinea.net",
    "shush.se",
    "sickrage.ca",
    "skytorrents.me",
    "sorteosrd.com",
    "studio100.it",
    "tapemovie.com",
    "theappguruz.com",
    "thepiratebay.cr",
    "thepiratebay.org",
    "thepiratebay.se.net",
    "thepiratebay.vip",
    "thevideo.me",
    "tomadivx.tv",
    "torrentrapid.com",
    "tubetitties.com",
    "ukpass.co",
    "unblocked2.vip",
    "unblockit.dev",
    "vidoza.co",
    "vidoza.net",
    "vidtodo.com",
    "vidup.io",
    "void.cat",
    "yazilir.com"
   ],
   "resourceTypes": [
    "main_frame",
    "sub_frame"
   ]
  },
  "id": 6584
 },
 {
  "action": {
   "responseHeaders": [
    {
     "header": "content-security-policy",
     "operation": "append",
     "value": "frame-src 'none' http: https:"
    }
   ],
   "type": "modifyHeaders"
  },
  "condition": {
   "requestDomains": [
    "istreamsport.com"
   ],
   "resourceTypes": [
    "main_frame",
    "sub_frame"
   ]
  },
  "id": 6585
 },
 {
  "action": {
   "responseHeaders": [
    {
     "header": "content-security-policy",
     "operation": "append",
     "value": "script-src 'self' 'unsafe-inline' apis.google.com www.ultimedia.com"
    }
   ],
   "type": "modifyHeaders"
  },
  "condition": {
   "requestDomains": [
    "pblv-plusbellelavie.fr"
   ],
   "resourceTypes": [
    "main_frame",
    "sub_frame"
   ]
  },
  "id": 6586
 },
 {
  "action": {
   "responseHeaders": [
    {
     "header": "content-security-policy",
     "operation": "append",
     "value": "img-src 'none' http: https:"
    }
   ],
   "type": "modifyHeaders"
  },
  "condition": {
   "requestDomains": [
    "porndoe.com"
   ],
   "resourceTypes": [
    "main_frame",
    "sub_frame"
   ]
  },
  "id": 6587
 },
 {
  "action": {
   "responseHeaders": [
    {
     "header": "content-security-policy",
     "operation": "append",
     "value": "media-src 'none' http: https:"
    }
   ],
   "type": "modifyHeaders"
  },
  "condition": {
   "requestDomains": [
    "porndoe.com"
   ],
   "resourceTypes": [
    "main_frame",
    "sub_frame"
   ]
  },
  "id": 6588
 },
 {
  "action": {
   "responseHeaders": [
    {
     "header": "content-security-policy",
     "operation": "append",
     "value": "script-src 'self' 'unsafe-inline' *.google.com *.gstatic.com *.wp.com"
    }
   ],
   "type": "modifyHeaders"
  },
  "condition": {
   "requestDomains": [
    "streamingqc.com"
   ],
   "resourceTypes": [
    "main_frame",
    "sub_frame"
   ]
  },
  "id": 6589
 }
]
