[
 {
  "action": {
   "responseHeaders": [
    {
     "header": "content-security-policy",
     "operation": "append",
     "value": "script-src 'self' 'unsafe-inline'"
    }
   ],
   "type": "modifyHeaders"
  },
  "condition": {
   "isUrlFilterCaseSensitive": false,
   "resourceTypes": [
    "main_frame",
    "sub_frame"
   ],
   "urlFilter": "||nungvl.net"
  },
  "id": 555
 },
 {
  "action": {
   "responseHeaders": [
    {
     "header": "content-security-policy",
     "operation": "append",
     "value": "script-src 'self' 'unsafe-eval'"
    }
   ],
   "type": "modifyHeaders"
  },
  "condition": {
   "isUrlFilterCaseSensitive": false,
   "resourceTypes": [
    "main_frame",
    "sub_frame"
   ],
   "urlFilter": "||tinhmotdem.asia"
  },
  "id": 556
 }
]
