[
 {
  "action": {
   "type": "block"
  },
  "condition": {
   "isUrlFilterCaseSensitive": false,
   "regexFilter": "banners.*\\/go\\/page"
  },
  "id": 2593
 },
 {
  "action": {
   "type": "block"
  },
  "condition": {
   "isUrlFilterCaseSensitive": false,
   "regexFilter": "(https?:\\/\\/)104\\.154\\..{100,}"
  },
  "id": 5358
 },
 {
  "action": {
   "type": "block"
  },
  "condition": {
   "isUrlFilterCaseSensitive": false,
   "regexFilter": "(https?:\\/\\/)104\\.197\\..{100,}"
  },
  "id": 5359
 },
 {
  "action": {
   "type": "block"
  },
  "condition": {
   "isUrlFilterCaseSensitive": false,
   "regexFilter": "(https?:\\/\\/)104\\.198\\..{100,}"
  },
  "id": 5360
 },
 {
  "action": {
   "type": "block"
  },
  "condition": {
   "isUrlFilterCaseSensitive": false,
   "regexFilter": "(https?:\\/\\/)130\\.211\\..{100,}"
  },
  "id": 5361
 },
 {
  "action": {
   "type": "block"
  },
  "condition": {
   "isUrlFilterCaseSensitive": false,
   "regexFilter": "(https?:\\/\\/)142\\.91\\.159\\..{100,}"
  },
  "id": 5362
 },
 {
  "action": {
   "type": "block"
  },
  "condition": {
   "isUrlFilterCaseSensitive": false,
   "regexFilter": "(https?:\\/\\/)213\\.32\\.115\\..{100,}"
  },
  "id": 5363
 },
 {
  "action": {
   "type": "block"
  },
  "condition": {
   "isUrlFilterCaseSensitive": false,
   "regexFilter": "(https?:\\/\\/)216\\.21\\..{100,}"
  },
  "id": 5364
 },
 {
  "action": {
   "type": "block"
  },
  "condition": {
   "isUrlFilterCaseSensitive": false,
   "regexFilter": "(https?:\\/\\/)217\\.182\\.11\\..{100,}"
  },
  "id": 5365
 },
 {
  "action": {
   "type": "block"
  },
  "condition": {
   "isUrlFilterCaseSensitive": false,
   "regexFilter": "(https?:\\/\\/)51\\.195\\.31\\..{100,}"
  },
  "id": 5366
 },
 {
  "action": {
   "type": "block"
  },
  "condition": {
   "initiatorDomains": [
    "1337x.to",
    "cryptobriefing.com",
    "eztv.io",
    "eztv.tf",
    "eztv.yt",
    "fmovies.taxi",
    "fmovies.world",
    "limetorrents.info",
    "megaup.net",
    "mrunlock.kim",
    "newser.com",
    "sendit.cloud",
    "torlock.com",
    "uiz.io",
    "userscloud.com",
    "vev.red",
    "vidbull.tv",
    "vidop.icu",
    "vidup.io",
    "yourbittorrent2.com"
   ],
   "isUrlFilterCaseSensitive": false,
   "regexFilter": "^https?:\\/\\/.*bit(ly)?\\.(com|ly)\\/"
  },
  "id": 6250
 },
 {
  "action": {
   "type": "block"
  },
  "condition": {
   "isUrlFilterCaseSensitive": false,
   "regexFilter": "^https?:\\/\\/(.+?\\.)?aupetitparieur\\.com[\\/]{1,}.*[a-zA-Z0-9]{8,}\\/[a-zA-Z0-9]{6,}\\/.*"
  },
  "id": 6257
 },
 {
  "action": {
   "type": "block"
  },
  "condition": {
   "isUrlFilterCaseSensitive": false,
   "regexFilter": "^https?:\\/\\/(.+?\\.)?canadafreepress\\.com\\/[\\/][\\/a-zA-Z0-9]{3,}\\/[a-zA-Z0-9]{6,}\\/.*"
  },
  "id": 6258
 },
 {
  "action": {
   "type": "block"
  },
  "condition": {
   "isUrlFilterCaseSensitive": false,
   "regexFilter": "^https?:\\/\\/(.+?\\.)?canadafreepress\\.com\\/images\\/uploads\\/[a-zA-Z]{6,15}\\-.*"
  },
  "id": 6259
 },
 {
  "action": {
   "type": "block"
  },
  "condition": {
   "isUrlFilterCaseSensitive": false,
   "regexFilter": "^https?:\\/\\/(.+?\\.)?dailylol\\.com\\/wp-content\\/uploads\\/.*[a-zA-Z]{7,}\\-[a-z0-9]{8,}\\-"
  },
  "id": 6260
 },
 {
  "action": {
   "type": "block"
  },
  "condition": {
   "isUrlFilterCaseSensitive": false,
   "regexFilter": "^https?:\\/\\/(.+?\\.)?dcdirtylaundry\\.com[\\/]{1,}.*[a-zA-Z0-9]{9,}\\/[a-zA-Z0-9]{6,}\\/.*"
  },
  "id": 6261
 },
 {
  "action": {
   "type": "block"
  },
  "condition": {
   "isUrlFilterCaseSensitive": false,
   "regexFilter": "^https?:\\/\\/(.+?\\.)?lovezin\\.fr[\\/]{1,}.*[a-zA-Z0-9]{7,9}\\/[a-zA-Z0-9]{10,}\\/.*"
  },
  "id": 6262
 },
 {
  "action": {
   "type": "block"
  },
  "condition": {
   "isUrlFilterCaseSensitive": false,
   "regexFilter": "^https?:\\/\\/(.+?\\.)?mamieastuce\\.com[\\/]{1,}.*[a-zA-Z0-9]{8,}\\/[a-zA-Z0-9]{6,}\\/.*"
  },
  "id": 6263
 },
 {
  "action": {
   "type": "block"
  },
  "condition": {
   "isUrlFilterCaseSensitive": false,
   "regexFilter": "^https?:\\/\\/(.+?\\.)?meilleurpronostic\\.fr\\/[\\/][\\/a-zA-Z0-9]{3,}\\/[a-zA-Z0-9]{6,}\\/.*"
  },
  "id": 6264
 },
 {
  "action": {
   "type": "block"
  },
  "condition": {
   "isUrlFilterCaseSensitive": false,
   "regexFilter": "^https?:\\/\\/(.+?\\.)?menrec\\.com\\/[\\/][\\/a-zA-Z0-9]{3,}\\/[a-zA-Z0-9]{6,}\\/.*"
  },
  "id": 6265
 },
 {
  "action": {
   "type": "block"
  },
  "condition": {
   "isUrlFilterCaseSensitive": false,
   "regexFilter": "^https?:\\/\\/(.+?\\.)?naturalblaze\\.com\\/wp-content\\/uploads\\/.*[a-zA-Z0-9]{14,}\\.*"
  },
  "id": 6266
 },
 {
  "action": {
   "type": "block"
  },
  "condition": {
   "isUrlFilterCaseSensitive": false,
   "regexFilter": "^https?:\\/\\/(.+?\\.)?patriotnationpress\\.com[\\/][\\/a-zA-Z0-9]{8,}\\/[a-zA-Z0-9]{4,}\\/.*"
  },
  "id": 6267
 },
 {
  "action": {
   "type": "block"
  },
  "condition": {
   "isUrlFilterCaseSensitive": false,
   "regexFilter": "^https?:\\/\\/(.+?\\.)?reviveusa\\.com\\/[a-zA-Z0-9]{3,7}\\/[a-zA-Z0-9]{6,}\\/.*"
  },
  "id": 6268
 },
 {
  "action": {
   "type": "block"
  },
  "condition": {
   "isUrlFilterCaseSensitive": false,
   "regexFilter": "^https?:\\/\\/(.+?\\.)?topminceur\\.fr\\/[a-zA-Z0-9]{6,}\\/[a-zA-Z0-9]{3,}\\/.*"
  },
  "id": 6269
 },
 {
  "action": {
   "type": "block"
  },
  "condition": {
   "isUrlFilterCaseSensitive": false,
   "regexFilter": "^https?:\\/\\/(.+?\\.)?toptenz\\.net\\/[a-zA-Z0-9]{3,7}\\/[a-zA-Z0-9]{6,}\\/.*"
  },
  "id": 6270
 },
 {
  "action": {
   "type": "block"
  },
  "condition": {
   "isUrlFilterCaseSensitive": false,
   "regexFilter": "^https?:\\/\\/(.+?\\.)?videogamesblogger\\.com\\/wp-content\\/uploads\\/.*[a-zA-Z0-9]{8,}\\.*"
  },
  "id": 6271
 },
 {
  "action": {
   "type": "block"
  },
  "condition": {
   "isUrlFilterCaseSensitive": false,
   "regexFilter": "^https?:\\/\\/(.+?\\.)?vitamiiin\\.com\\/[\\/][\\/a-zA-Z0-9]{3,}\\/[a-zA-Z0-9]{6,}\\/.*"
  },
  "id": 6272
 },
 {
  "action": {
   "type": "block"
  },
  "condition": {
   "isUrlFilterCaseSensitive": false,
   "regexFilter": "^https?:\\/\\/(.+?\\.)?writerscafe\\.org[\\/]{1,}.*[a-zA-Z0-9]{3,7}\\/[a-zA-Z0-9]{6,}\\/.*"
  },
  "id": 6273
 },
 {
  "action": {
   "type": "block"
  },
  "condition": {
   "initiatorDomains": [
    "1vag.com",
    "4tube.com",
    "asianpornmovies.com",
    "getsex.xxx",
    "glam0ur.com",
    "hclips.com",
    "hdzog.com",
    "homemadevids.org",
    "hotmovs.com",
    "milfzr.com",
    "porn555.com",
    "pornforrelax.com",
    "pornj.com",
    "pornl.com",
    "puporn.com",
    "see.xxx",
    "shemalez.com",
    "sss.xxx",
    "streanplay.cc",
    "thegay.com",
    "thegay.porn",
    "tits-guru.com",
    "tubepornclassic.com",
    "tuberel.com",
    "txxx.com",
    "txxx.tube",
    "upornia.com",
    "vjav.com",
    "voyeurhit.com",
    "xozilla.com"
   ],
   "isUrlFilterCaseSensitive": false,
   "regexFilter": "^https?:\\/\\/.*\\.(club|news|live|online|store|tech|guru|cloud|bid|xyz|site|pro|info|online|icu|monster|buzz|fun|website|photos|re|casa|top|today|space|network|live|work|systems|ml|world|life)\\/.*"
  },
  "id": 6671
 },
 {
  "action": {
   "type": "block"
  },
  "condition": {
   "isUrlFilterCaseSensitive": false,
   "regexFilter": "^https:\\/\\/([a-z]+\\.)?sythe\\.org\\/[\\w\\W]{30,}",
   "resourceTypes": [
    "image"
   ]
  },
  "id": 15205
 },
 {
  "action": {
   "type": "block"
  },
  "condition": {
   "isUrlFilterCaseSensitive": false,
   "regexFilter": "^https?:\\/\\/(.+?\\.)?allthingsvegas\\.com[\\/]{1,9}.*[a-zA-Z0-9]{8,}\\/[a-zA-Z0-9]{6,}.*\\.(png|jpg)",
   "resourceTypes": [
    "image"
   ]
  },
  "id": 15280
 },
 {
  "action": {
   "type": "block"
  },
  "condition": {
   "isUrlFilterCaseSensitive": false,
   "regexFilter": "^https?:\\/\\/(.+?\\.)?concomber\\.com[\\/]{1,}.*[a-zA-Z0-9]{3,}\\/[a-zA-Z0-9]{10,}\\/.*",
   "resourceTypes": [
    "image"
   ]
  },
  "id": 15281
 },
 {
  "action": {
   "type": "block"
  },
  "condition": {
   "isUrlFilterCaseSensitive": false,
   "regexFilter": "^https?:\\/\\/(.+?\\.)?conservativefiringline\\.com[\\/]{1,}.*[a-zA-Z0-9]{7,9}\\/[a-zA-Z0-9]{10,}\\/.*",
   "resourceTypes": [
    "image"
   ]
  },
  "id": 15282
 },
 {
  "action": {
   "type": "block"
  },
  "condition": {
   "isUrlFilterCaseSensitive": false,
   "regexFilter": "^https?:\\/\\/(.+?\\.)?dailylol\\.com[\\/]{1,}.*[a-zA-Z0-9]{3,7}\\/[a-zA-Z0-9]{6,}\\/.*",
   "resourceTypes": [
    "image"
   ]
  },
  "id": 15283
 },
 {
  "action": {
   "type": "block"
  },
  "condition": {
   "isUrlFilterCaseSensitive": false,
   "regexFilter": "^https?:\\/\\/(.+?\\.)?ipatriot\\.com[\\/]{1,}.*[a-zA-Z0-9]{9,}\\/[a-zA-Z0-9]{6,}\\/.*",
   "resourceTypes": [
    "image"
   ]
  },
  "id": 15284
 },
 {
  "action": {
   "type": "block"
  },
  "condition": {
   "isUrlFilterCaseSensitive": false,
   "regexFilter": "^https?:\\/\\/(.+?\\.)?letocard\\.fr[\\/]{1,}.*[a-zA-Z0-9]{3,7}\\/[a-zA-Z0-9]{6,}\\/.*",
   "resourceTypes": [
    "image"
   ]
  },
  "id": 15285
 },
 {
  "action": {
   "type": "block"
  },
  "condition": {
   "isUrlFilterCaseSensitive": false,
   "regexFilter": "^https?:\\/\\/(.+?\\.)?letocard\\.fr\\/[a-zA-Z0-9]{3,7}\\/[a-zA-Z0-9]{6,}\\/.*",
   "resourceTypes": [
    "image"
   ]
  },
  "id": 15286
 },
 {
  "action": {
   "type": "block"
  },
  "condition": {
   "isUrlFilterCaseSensitive": false,
   "regexFilter": "^https?:\\/\\/(.+?\\.)?populist\\.press[\\/][\\/a-zA-Z0-9]{3,}\\/[a-zA-Z0-9]{6,}\\/.*",
   "resourceTypes": [
    "image"
   ]
  },
  "id": 15287
 },
 {
  "action": {
   "type": "block"
  },
  "condition": {
   "isUrlFilterCaseSensitive": false,
   "regexFilter": "^https?:\\/\\/(.+?\\.)?populist\\.press\\/[a-zA-Z0-9]{1,3}\\/.*",
   "resourceTypes": [
    "image"
   ]
  },
  "id": 15288
 },
 {
  "action": {
   "type": "block"
  },
  "condition": {
   "isUrlFilterCaseSensitive": false,
   "regexFilter": "^https?:\\/\\/(.+?\\.)?rightwingnews\\.com[\\/]{1,9}.*[a-zA-Z0-9]{8,}\\/[a-zA-Z0-9]{6,}\\/.*",
   "resourceTypes": [
    "image"
   ]
  },
  "id": 15289
 },
 {
  "action": {
   "type": "block"
  },
  "condition": {
   "isUrlFilterCaseSensitive": false,
   "regexFilter": "^https?:\\/\\/motherless\\.com\\/[a-z0-9A-Z]{3,}\\.[a-z0-9A-Z]{2,}\\_",
   "resourceTypes": [
    "image",
    "sub_frame"
   ]
  },
  "id": 15294
 },
 {
  "action": {
   "type": "block"
  },
  "condition": {
   "initiatorDomains": [
    "4tube.com",
    "alotporn.com",
    "alphaporno.com",
    "alrincon.com",
    "amateur8.com",
    "anyporn.com",
    "anysex.com",
    "badjojo.com",
    "bdsmstreak.com",
    "bestfreetube.xxx",
    "bigtitslust.com",
    "bravotube.net",
    "cockmeter.com",
    "daftporn.com",
    "erome.com",
    "exoav.com",
    "fantasti.cc",
    "fapality.com",
    "fapnado.com",
    "fetishshrine.com",
    "freeporn8.com",
    "gfsvideos.com",
    "gotporn.com",
    "hdporn24.org",
    "hdpornmax.com",
    "hdtube.porn",
    "hellporno.com",
    "hottorrent.org",
    "hqsextube.xxx",
    "hqtube.xxx",
    "iceporn.com",
    "imx.to",
    "katestube.com",
    "lustypuppy.com",
    "manhwa18.cc",
    "maturetubehere.com",
    "megatube.xxx",
    "milffox.com",
    "momxxxfun.com",
    "openloadporn.co",
    "orsm.net",
    "pervclips.com",
    "porn-plus.com",
    "porndr.com",
    "pornicom.com",
    "pornid.xxx",
    "pornotrack.net",
    "pornrabbit.com",
    "pornwatchers.com",
    "pornwhite.com",
    "pussy.org",
    "redhdtube.xxx",
    "rule34.art",
    "sexvid.porn",
    "sexvid.pro",
    "sexvid.xxx",
    "sexytorrents.info",
    "shameless.com",
    "sleazyneasy.com",
    "smutty.com",
    "sortporn.com",
    "stepmom.one",
    "stileproject.com",
    "str8ongay.com",
    "tnaflix.com",
    "urgayporn.com",
    "vikiporn.com",
    "wankoz.com",
    "xbabe.com",
    "xcafe.com",
    "xhqxmovies.com",
    "xxx-torrent.net",
    "xxxdessert.com",
    "xxxextreme.org",
    "xxxonxxx.com",
    "yourlust.com",
    "youx.xxx",
    "zbporn.com",
    "zbporn.tv"
   ],
   "isUrlFilterCaseSensitive": false,
   "regexFilter": "^https?:\\/\\/.*\\/[a-z0-9A-Z_]{2,15}\\.(php|jx|jsx|1ph|jsf|jz|jsm|j$)",
   "resourceTypes": [
    "image",
    "script",
    "sub_frame"
   ]
  },
  "id": 15295
 },
 {
  "action": {
   "type": "block"
  },
  "condition": {
   "isUrlFilterCaseSensitive": false,
   "regexFilter": "\\/t\\/[0-9]{3}\\/[0-9]{3}\\/a[0-9]{4,9}\\.js$",
   "resourceTypes": [
    "script"
   ]
  },
  "id": 15609
 },
 {
  "action": {
   "type": "block"
  },
  "condition": {
   "initiatorDomains": [
    "nowy.tlen.pl",
    "poczta.o2.pl",
    "profil.wp.pl"
   ],
   "isUrlFilterCaseSensitive": false,
   "regexFilter": "^https:\\/\\/[a-z]{2,14}\\.wp\\.pl\\/[a-zA-Z0-9_-]{200,915}$",
   "resourceTypes": [
    "script"
   ]
  },
  "id": 15717
 },
 {
  "action": {
   "type": "block"
  },
  "condition": {
   "initiatorDomains": [
    "123films.cc",
    "123proxy.biz",
    "1337x.to",
    "animekisa.tv",
    "anonfiles.com",
    "aparat.cam",
    "bdupload.asia",
    "bitfly.io",
    "cashurl.in",
    "clicknupload.to",
    "clk.ink",
    "cloudvideo.tv",
    "cocomanhua.com",
    "downloadpirate.com",
    "filmix.co",
    "filmlinks4u.is",
    "flashx.pw",
    "fmovies.taxi",
    "fmovies.world",
    "getlink.pro",
    "hurawatch.at",
    "igg-games.com",
    "indishare.org",
    "katflys.com",
    "linksly.co",
    "megaup.net",
    "mixdrop.ch",
    "mixdrop.co",
    "mp3-convert.org",
    "nutritioninsight.com",
    "ouo.press",
    "pcgamestorrents.com",
    "pcgamestorrents.org",
    "pouvideo.cc",
    "powvideo.net",
    "powvldeo.cc",
    "primewire.sc",
    "proxyer.org",
    "sendit.cloud",
    "sendspace.com",
    "shrinke.me",
    "shrinkhere.xyz",
    "solarmovie.to",
    "theproxy.ws",
    "uiz.io",
    "up-load.io",
    "upload.ac",
    "uploadever.com",
    "uploadproper.net",
    "uploadrar.com",
    "uploadrive.com",
    "uplovd.com",
    "upstream.to",
    "userscloud.com",
    "v96-surf.com",
    "vev.red",
    "vidbull.tv",
    "videobin.co",
    "vidlox.me",
    "vidop.icu",
    "vidoza.co",
    "vidoza.net",
    "vidtomp3.com",
    "vidup.io",
    "vumoo.life",
    "watchtvseries.video",
    "xtgem.com",
    "xtits.com",
    "yourbittorrent2.com",
    "ziperto.com",
    "zippyshare.com"
   ],
   "isUrlFilterCaseSensitive": false,
   "regexFilter": "^https?:\\/\\/.*\\/.*(sw[0-9a-z._-]{1,6}|\\.notify\\.).*",
   "resourceTypes": [
    "script"
   ]
  },
  "id": 15764
 },
 {
  "action": {
   "type": "block"
  },
  "condition": {
   "initiatorDomains": [
    "1vag.com",
    "4tube.com",
    "adult-channels.com",
    "analdin.com",
    "biguz.net",
    "bogrodius.com",
    "chikiporn.com",
    "fantasti.cc",
    "fuqer.com",
    "fux.com",
    "hclips.com",
    "heavy-r.com",
    "hog.tv",
    "megapornx.com",
    "milfzr.com",
    "mypornhere.com",
    "niceporn.xxx",
    "porn555.com",
    "pornchimp.com",
    "pornerbros.com",
    "pornj.com",
    "pornl.com",
    "pornototale.com",
    "porntube.com",
    "sexu.com",
    "sss.xxx",
    "thisav.com",
    "titkino.net",
    "tubepornclassic.com",
    "tuberel.com",
    "tubev.sex",
    "txxx.com",
    "vidmo.org",
    "vpornvideos.com",
    "xozilla.com",
    "youporn.lc",
    "youpornhub.it",
    "yourdailypornstars.com"
   ],
   "isUrlFilterCaseSensitive": false,
   "regexFilter": "^https?:\\/\\/.*\\/.*sw[0-9._].*",
   "resourceTypes": [
    "script",
    "xmlhttprequest"
   ]
  },
  "id": 15776
 },
 {
  "action": {
   "type": "block"
  },
  "condition": {
   "initiatorDomains": [
    "eporner.com"
   ],
   "isUrlFilterCaseSensitive": false,
   "regexFilter": "^https?:\\/\\/.*\\.eporner\\.com\\/[0-9a-f]{10,}\\/$",
   "resourceTypes": [
    "script"
   ]
  },
  "id": 15777
 },
 {
  "action": {
   "type": "block"
  },
  "condition": {
   "initiatorDomains": [
    "ebay-kleinanzeigen.de"
   ],
   "isUrlFilterCaseSensitive": false,
   "regexFilter": "^https?:\\/\\/fdts\\.ebay-kleinanzeigen\\.de\\/[a-z0-9]{13,18}\\.js\\?",
   "resourceTypes": [
    "script"
   ]
  },
  "id": 15848
 },
 {
  "action": {
   "type": "block"
  },
  "condition": {
   "initiatorDomains": [
    "sciencedirect.com"
   ],
   "isUrlFilterCaseSensitive": false,
   "regexFilter": "^https?:\\/\\/nav\\.sciencedirect\\.com\\/[a-zA-Z0-9]{14,}\\.js",
   "resourceTypes": [
    "script"
   ]
  },
  "id": 15849
 },
 {
  "action": {
   "type": "block"
  },
  "condition": {
   "initiatorDomains": [
    "spectrum.net"
   ],
   "isUrlFilterCaseSensitive": false,
   "regexFilter": "^https?:\\/\\/pov\\.spectrum\\.net\\/[a-zA-Z0-9]{14,}\\.js",
   "resourceTypes": [
    "script"
   ]
  },
  "id": 15850
 },
 {
  "action": {
   "type": "block"
  },
  "condition": {
   "initiatorDomains": [
    "pages.ebay.com"
   ],
   "isUrlFilterCaseSensitive": false,
   "regexFilter": "^https?:\\/\\/src\\.ebay-us\\.com\\/[_a-zA-Z0-9]{10,}\\?",
   "resourceTypes": [
    "script"
   ]
  },
  "id": 15851
 },
 {
  "action": {
   "type": "block"
  },
  "condition": {
   "initiatorDomains": [
    "tjx.com"
   ],
   "isUrlFilterCaseSensitive": false,
   "regexFilter": "^https?:\\/\\/tjmaxx\\.tjx\\.com\\/libraries\\/[a-z0-9]{20,}",
   "resourceTypes": [
    "script",
    "xmlhttprequest"
   ]
  },
  "id": 15852
 },
 {
  "action": {
   "type": "block"
  },
  "condition": {
   "initiatorDomains": [
    "mbna.ca",
    "td.com",
    "tdbank.com"
   ],
   "isUrlFilterCaseSensitive": false,
   "regexFilter": "^https?:\\/\\/tmx\\.(td|tdbank)\\.com\\/[a-z0-9]{14,18}\\.js.*",
   "resourceTypes": [
    "script"
   ]
  },
  "id": 15853
 },
 {
  "action": {
   "type": "block"
  },
  "condition": {
   "initiatorDomains": [
    "ebay-kleinanzeigen.de"
   ],
   "isUrlFilterCaseSensitive": false,
   "regexFilter": "^https?:\\/\\/www\\.ebay-kleinanzeigen\\.de\\/[a-z0-9]{8}\\-[0-9a-f]{4}\\-",
   "resourceTypes": [
    "script"
   ]
  },
  "id": 15854
 },
 {
  "action": {
   "type": "block"
  },
  "condition": {
   "initiatorDomains": [
    "halifax-online.co.uk"
   ],
   "isUrlFilterCaseSensitive": false,
   "regexFilter": "^https?:\\/\\/www\\.halifax-online\\.co\\.uk\\/[A-Za-z0-9]{4,6}\\/[A-Za-z0-9]{2}\\/[A-Za-z0-9]{2}\\/",
   "resourceTypes": [
    "script",
    "xmlhttprequest"
   ]
  },
  "id": 15855
 },
 {
  "action": {
   "type": "block"
  },
  "condition": {
   "initiatorDomains": [
    "kroger.com"
   ],
   "isUrlFilterCaseSensitive": false,
   "regexFilter": "^https?:\\/\\/www\\.kroger\\.com\\/content\\/{20,}",
   "resourceTypes": [
    "script",
    "xmlhttprequest"
   ]
  },
  "id": 15856
 },
 {
  "action": {
   "type": "block"
  },
  "condition": {
   "initiatorDomains": [
    "equifax.ca"
   ],
   "isUrlFilterCaseSensitive": false,
   "regexFilter": "^https?:\\/\\/www\\.myservices\\.equifax\\.ca\\/TSPD\\/[0-9a-f]{30,}",
   "resourceTypes": [
    "script"
   ]
  },
  "id": 15857
 },
 {
  "action": {
   "type": "block"
  },
  "condition": {
   "isUrlFilterCaseSensitive": false,
   "regexFilter": "^https?:\\/\\/www\\.newser\\.com[\\/]{1,}.*[a-zA-Z0-9]{5,}\\/[a-zA-Z0-9]{5,}\\/.*js",
   "resourceTypes": [
    "xmlhttprequest"
   ]
  },
  "id": 15927
 },
 {
  "action": {
   "type": "block"
  },
  "condition": {
   "isUrlFilterCaseSensitive": false,
   "regexFilter": "\\/[0-9a-z]{8,10}\\?shu=[0-9a-z]{150,}",
   "resourceTypes": [
    "main_frame"
   ]
  },
  "id": 16118
 },
 {
  "action": {
   "type": "block"
  },
  "condition": {
   "isUrlFilterCaseSensitive": false,
   "regexFilter": "\\/(?:[0-9a-z]{7,25}-){9,13}[0-9a-z]{10,15}\\/(?:[0-9a-z]+\\/)+index\\.php",
   "resourceTypes": [
    "main_frame"
   ]
  },
  "id": 16180
 },
 {
  "action": {
   "type": "block"
  },
  "condition": {
   "isUrlFilterCaseSensitive": false,
   "regexFilter": "_dating\\d\\/index\\.html\\?aref=",
   "resourceTypes": [
    "main_frame"
   ]
  },
  "id": 16181
 },
 {
  "action": {
   "type": "block"
  },
  "condition": {
   "initiatorDomains": [
    "top"
   ],
   "isUrlFilterCaseSensitive": false,
   "regexFilter": "^https:\\/\\/[0-9a-z]{3,}\\.[-a-z]{10,}\\.top\\/[a-z]{8}\\/\\?(?:cid=[0-9a-z]+&)?u=[0-9a-z]+&",
   "resourceTypes": [
    "main_frame"
   ]
  },
  "id": 16183
 },
 {
  "action": {
   "type": "block"
  },
  "condition": {
   "initiatorDomains": [
    "life",
    "live",
    "top",
    "xyz"
   ],
   "regexFilter": "^https:\\/\\/[0-9a-z]{3,}\\.[-a-z]{10,}\\.(?:li[fv]e|top|xyz)\\/[a-z]{8}\\/\\?utm_campaign=\\w{40,}",
   "resourceTypes": [
    "main_frame"
   ]
  },
  "id": 16184
 },
 {
  "action": {
   "type": "block"
  },
  "condition": {
   "initiatorDomains": [
    "biz"
   ],
   "isUrlFilterCaseSensitive": false,
   "regexFilter": "^https:\\/\\/[a-z]{2,3}\\d\\.biz\\/go\\/[0-9a-z]{15,18}$",
   "resourceTypes": [
    "main_frame"
   ]
  },
  "id": 16185
 },
 {
  "action": {
   "type": "block"
  },
  "condition": {
   "initiatorDomains": [
    "biz"
   ],
   "isUrlFilterCaseSensitive": false,
   "regexFilter": "^https:\\/\\/to\\ds\\.biz\\/\\?p=",
   "resourceTypes": [
    "main_frame"
   ]
  },
  "id": 16186
 },
 {
  "action": {
   "type": "block"
  },
  "condition": {
   "initiatorDomains": [
    "biz"
   ],
   "isUrlFilterCaseSensitive": false,
   "regexFilter": "^https:\\/\\/serch\\d{2}\\.biz\\/\\?p=",
   "resourceTypes": [
    "main_frame"
   ]
  },
  "id": 16189
 },
 {
  "action": {
   "type": "block"
  },
  "condition": {
   "initiatorDomains": [
    "com"
   ],
   "regexFilter": "^http:\\/\\/[a-z]{5}\\.[a-z]{5}\\.com\\/[a-z]{10}\\.apk$",
   "resourceTypes": [
    "main_frame"
   ]
  },
  "id": 16195
 },
 {
  "action": {
   "type": "block"
  },
  "condition": {
   "domainType": "firstParty",
   "initiatorDomains": [
    "69games.xxx"
   ],
   "isUrlFilterCaseSensitive": false,
   "regexFilter": "\\/n0cvd19n0fun\\/(?:336x768-|dsw\\d|s[a-z]_w3_).*",
   "resourceTypes": [
    "image"
   ]
  },
  "id": 16222
 },
 {
  "action": {
   "type": "block"
  },
  "condition": {
   "domainType": "firstParty",
   "initiatorDomains": [
    "hottystop.com"
   ],
   "isUrlFilterCaseSensitive": false,
   "regexFilter": "\\.com\\/[_0-9a-zA-Z]+\\.jpg$",
   "resourceTypes": [
    "image"
   ]
  },
  "id": 16229
 },
 {
  "action": {
   "type": "block"
  },
  "condition": {
   "domainType": "firstParty",
   "initiatorDomains": [
    "playsexgames.xxx"
   ],
   "isUrlFilterCaseSensitive": false,
   "regexFilter": "xxx\\/(?:[a-z]+[_-]){1,2}[a-z]+\\.(?:gif|jpg)$",
   "resourceTypes": [
    "image"
   ]
  },
  "id": 16242
 },
 {
  "action": {
   "type": "block"
  },
  "condition": {
   "domainType": "firstParty",
   "initiatorDomains": [
    "palcomix.com"
   ],
   "isUrlFilterCaseSensitive": false,
   "regexFilter": "\\.com\\/(full)?ad[0-9a-z]+\\.(?:gif|jpg)$",
   "resourceTypes": [
    "image"
   ]
  },
  "id": 16243
 },
 {
  "action": {
   "type": "block"
  },
  "condition": {
   "domainType": "firstParty",
   "initiatorDomains": [
    "thesquarshers.com"
   ],
   "isUrlFilterCaseSensitive": false,
   "regexFilter": "\\/images\\/(?:Banner\\d{1,2}\\.|[a-z]{3}\\/)",
   "resourceTypes": [
    "image"
   ]
  },
  "id": 16245
 },
 {
  "action": {
   "type": "block"
  },
  "condition": {
   "domainType": "firstParty",
   "regexFilter": "\\/[A-Z]\\/[-0-9a-z]{5,}\\.com\\/(?:[0-9a-f]{2}\\/){3}[0-9a-f]{32}\\.js$",
   "resourceTypes": [
    "script"
   ]
  },
  "id": 16281
 },
 {
  "action": {
   "type": "block"
  },
  "condition": {
   "domainType": "firstParty",
   "initiatorDomains": [
    "imgadult.com",
    "imgdrive.net",
    "imgtaxi.com",
    "imgwallet.com"
   ],
   "isUrlFilterCaseSensitive": false,
   "regexFilter": "(?:com|net)\\/[0-9a-f]{12}\\.js$",
   "resourceTypes": [
    "script"
   ]
  },
  "id": 16284
 },
 {
  "action": {
   "type": "block"
  },
  "condition": {
   "domainType": "firstParty",
   "initiatorDomains": [
    "555.porn",
    "bdsmx.tube",
    "bigdick.tube",
    "blackporn.tube",
    "hclips.com",
    "hdzog.com",
    "hotmovs.com",
    "imzog.com",
    "inporn.com",
    "javdaddy.com",
    "mrgay.tube",
    "porn555.com",
    "pornforrelax.com",
    "porngo.tube",
    "pornj.com",
    "pornl.com",
    "pornq.com",
    "porntop.com",
    "pornzog.com",
    "privatehomeclips.com",
    "puporn.com",
    "see.xxx",
    "senzuri.tube",
    "shemalez.com",
    "sss.xxx",
    "tubepornclassic.com",
    "tuberel.com",
    "txxxporn.tube",
    "voyeurhit.com",
    "vxxx.com",
    "xmilf.com"
   ],
   "isUrlFilterCaseSensitive": false,
   "regexFilter": "(?:com|porn|tube|xxx)\\/[a-z]{8,12}\\/[a-z]{8,12}\\.js$",
   "resourceTypes": [
    "script"
   ]
  },
  "id": 16288
 },
 {
  "action": {
   "type": "block"
  },
  "condition": {
   "domainType": "firstParty",
   "initiatorDomains": [
    "hentai2w.com"
   ],
   "isUrlFilterCaseSensitive": false,
   "regexFilter": "\\.com\\/\\d+\\/[0-9a-z]+\\.js$",
   "resourceTypes": [
    "script"
   ]
  },
  "id": 16336
 },
 {
  "action": {
   "type": "block"
  },
  "condition": {
   "domainType": "firstParty",
   "initiatorDomains": [
    "camvideos.org"
   ],
   "isUrlFilterCaseSensitive": false,
   "regexFilter": "\\/[0-9a-f]{12}\\.js$",
   "resourceTypes": [
    "script"
   ]
  },
  "id": 16342
 },
 {
  "action": {
   "type": "block"
  },
  "condition": {
   "domainType": "firstParty",
   "initiatorDomains": [
    "pixsera.net"
   ],
   "isUrlFilterCaseSensitive": false,
   "regexFilter": "\\.net(\\/[a-z]{2,4}){2}\\.js$",
   "resourceTypes": [
    "script"
   ]
  },
  "id": 16463
 },
 {
  "action": {
   "type": "block"
  },
  "condition": {
   "domainType": "firstParty",
   "initiatorDomains": [
    "povaddict.com"
   ],
   "isUrlFilterCaseSensitive": false,
   "regexFilter": "\\.com\\/[a-zA-Z]{10}\\.js$",
   "resourceTypes": [
    "script"
   ]
  },
  "id": 16504
 },
 {
  "action": {
   "type": "block"
  },
  "condition": {
   "domainType": "firstParty",
   "initiatorDomains": [
    "zetporn.com"
   ],
   "isUrlFilterCaseSensitive": false,
   "regexFilter": "\\.com\\/[A-Za-z]{9,}\\/[A-Za-z]{9,}\\.js$",
   "resourceTypes": [
    "script"
   ]
  },
  "id": 16508
 },
 {
  "action": {
   "type": "block"
  },
  "condition": {
   "domainType": "firstParty",
   "initiatorDomains": [
    "teen-hd-sex.com",
    "tube-teen-18.com",
    "xxx-asian-tube.com"
   ],
   "isUrlFilterCaseSensitive": false,
   "regexFilter": "\\.com\\/[0-9a-z]{12,}\\/[0-9a-z]{12,}\\.js$",
   "resourceTypes": [
    "script"
   ]
  },
  "id": 16519
 },
 {
  "action": {
   "type": "block"
  },
  "condition": {
   "domainType": "firstParty",
   "initiatorDomains": [
    "fleshed.com"
   ],
   "isUrlFilterCaseSensitive": false,
   "regexFilter": "\\/static\\/[0-9a-z]+\\/[0-9a-z]+\\.js$",
   "resourceTypes": [
    "script"
   ]
  },
  "id": 16539
 },
 {
  "action": {
   "type": "block"
  },
  "condition": {
   "domainType": "firstParty",
   "isUrlFilterCaseSensitive": false,
   "regexFilter": "^\\w+:\\/\\/[0-9a-z]{12}\\.dataunlocker\\.com\\/",
   "resourceTypes": [
    "script"
   ]
  },
  "id": 16547
 },
 {
  "action": {
   "type": "block"
  },
  "condition": {
   "domainType": "firstParty",
   "isUrlFilterCaseSensitive": false,
   "regexFilter": "^\\w+:\\/\\/[\\w.\\-]+\\.www\\.cybernetman\\.com\\/",
   "resourceTypes": [
    "script"
   ]
  },
  "id": 16548
 },
 {
  "action": {
   "type": "block"
  },
  "condition": {
   "domainType": "firstParty",
   "isUrlFilterCaseSensitive": false,
   "regexFilter": "^\\w+:\\/\\/[\\w.\\-]+\\.www\\.logology\\.co\\/",
   "resourceTypes": [
    "script"
   ]
  },
  "id": 16549
 },
 {
  "action": {
   "type": "block"
  },
  "condition": {
   "domainType": "firstParty",
   "isUrlFilterCaseSensitive": false,
   "regexFilter": "^\\w+:\\/\\/[\\w.\\-]+\\.www\\.atlaslane\\.com\\/",
   "resourceTypes": [
    "script"
   ]
  },
  "id": 16550
 },
 {
  "action": {
   "type": "block"
  },
  "condition": {
   "domainType": "firstParty",
   "isUrlFilterCaseSensitive": false,
   "regexFilter": "^\\w+:\\/\\/[0-9a-z]{12}\\.adria\\.gg\\/",
   "resourceTypes": [
    "script"
   ]
  },
  "id": 16551
 },
 {
  "action": {
   "type": "block"
  },
  "condition": {
   "domainType": "firstParty",
   "isUrlFilterCaseSensitive": false,
   "regexFilter": "^\\w+:\\/\\/[0-9a-z]{11}\\.taxliencode\\.com\\/",
   "resourceTypes": [
    "script"
   ]
  },
  "id": 16552
 },
 {
  "action": {
   "type": "block"
  },
  "condition": {
   "domainType": "firstParty",
   "initiatorDomains": [
    "gu-global.com",
    "uniqlo.com"
   ],
   "isUrlFilterCaseSensitive": false,
   "regexFilter": "\\.com\\/[-_0-9a-zA-Z]{4,}\\/[-\\/_0-9a-zA-Z]{25,}$",
   "resourceTypes": [
    "script"
   ]
  },
  "id": 16554
 },
 {
  "action": {
   "type": "block"
  },
  "condition": {
   "domainType": "firstParty",
   "isUrlFilterCaseSensitive": false,
   "regexFilter": "^https?:\\/\\/.*\\/sw\\.js\\?[a-zA-Z0-9%]{50,}",
   "resourceTypes": [
    "script"
   ]
  },
  "id": 16576
 },
 {
  "action": {
   "type": "block"
  },
  "condition": {
   "domainType": "firstParty",
   "initiatorDomains": [
    "imgadult.com",
    "imgdrive.net",
    "imgtaxi.com",
    "imgwallet.com"
   ],
   "isUrlFilterCaseSensitive": false,
   "regexFilter": "(?:com|net)\\/[a-z-]{3,10}\\.html$",
   "resourceTypes": [
    "sub_frame"
   ]
  },
  "id": 16631
 },
 {
  "action": {
   "type": "block"
  },
  "condition": {
   "domainType": "thirdParty",
   "excludedResourceTypes": [
    "image",
    "main_frame",
    "media",
    "sub_frame"
   ],
   "initiatorDomains": [
    "123movies-one.com",
    "123movies.net",
    "123moviesnow.site",
    "123proxy.biz",
    "123series.ru",
    "1cloudfile.com",
    "adblockstreamtape.art",
    "adblockstreamtape.site",
    "animebee.to",
    "asianembed.io",
    "baomay01.com",
    "bdupload.asia",
    "bowfile.com",
    "cast4u.xyz",
    "clipconverter.cc",
    "cricplay2.xyz",
    "daddylive.click",
    "desiupload.co",
    "dood.la",
    "dood.pm",
    "dood.so",
    "dood.to",
    "dood.watch",
    "dood.ws",
    "dopebox.to",
    "downloadpirate.com",
    "drivebuzz.icu",
    "dulu.to",
    "embedstream.me",
    "eplayvid.net",
    "extreme-down.plus",
    "fclecteur.com",
    "filmestorrents.net",
    "flashx.net",
    "flashx.tv",
    "fmovies.ps",
    "fmovies.to",
    "gdriveplayer.us",
    "gdtot.nl",
    "gogoplay.io",
    "gogoplay1.com",
    "gogoplay4.com",
    "gospeljingle.com",
    "hdfilme.cx",
    "hexupload.net",
    "hurawatch.at",
    "kiss-anime.org",
    "krunkercentral.com",
    "moviepapa.art",
    "movies2watch.tv",
    "moviesin.co",
    "myflixer.ac",
    "myflixer.it",
    "myflixer.pw",
    "myflixer.site",
    "myflixer.to",
    "myflixer.today",
    "myflixer.ws",
    "myflixertv.to",
    "noob4cast.com",
    "pkcast123.me",
    "powvideo.net",
    "powvldeo.me",
    "projectfreetv2.com",
    "proxyer.org",
    "putlockers.gs",
    "scloud.online",
    "sflix.to",
    "shortlinkto.icu",
    "skidrowcodex.net",
    "slreamplay.cc",
    "socolive.pro",
    "sports-stream.click",
    "steanplay.cc",
    "streamsport.icu",
    "streamtape.com",
    "streanplay.cc",
    "theproxy.ws",
    "uplinkto.one",
    "uptobhai.com",
    "vidbam.org",
    "vidembed.cc",
    "vidembed.io",
    "vidembed.me",
    "videobin.co",
    "videovard.sx",
    "vidlii.com",
    "vidoo.org",
    "vipbox.lc",
    "watchseries.ninja",
    "wawacity.work",
    "wizhdlive.xyz",
    "yodbox.com"
   ],
   "isUrlFilterCaseSensitive": false,
   "regexFilter": "^https?:\\/\\/.*\\.(club|bid|biz|xyz|site|pro|info|online|icu|monster|buzz|website|biz|re|casa|top|one|space|network|live|systems|ml|world|life|co)\\/.*"
  },
  "id": 16830
 },
 {
  "action": {
   "type": "block"
  },
  "condition": {
   "domainType": "thirdParty",
   "excludedResourceTypes": [
    "main_frame",
    "media"
   ],
   "initiatorDomains": [
    "123movies.tw",
    "1cloudfile.com",
    "20demidistance9elongations.com",
    "9xmovies.app",
    "9xupload.asia",
    "adblockeronstape.me",
    "adblockeronstreamtape.me",
    "adblockeronstrtape.xyz",
    "adblockplustape.xyz",
    "adblockstreamtape.art",
    "adblockstreamtape.fr",
    "adblockstreamtape.site",
    "allsport.icu",
    "allsports.icu",
    "animepl.xyz",
    "aotonline.co",
    "audaciousdefaulthouse.com",
    "bowfile.com",
    "capodeportes.fr",
    "cast4u.xyz",
    "clicknupload.to",
    "cloudvideo.tv",
    "coloredmanga.com",
    "cut-y.net",
    "daddyhd.com",
    "daddylive.click",
    "daddylive.fun",
    "dailyuploads.net",
    "databasegdriveplayer.xyz",
    "deltabit.co",
    "dood.la",
    "dood.pm",
    "dood.re",
    "dood.sh",
    "dood.so",
    "dood.to",
    "dood.watch",
    "dood.wf",
    "dood.ws",
    "dramacool.sr",
    "drivebuzz.icu",
    "dslayeronline.com",
    "dulu.to",
    "dum.to",
    "embedplayer.site",
    "embedsb.com",
    "embedsito.com",
    "embedstream.me",
    "eplayvid.net",
    "evoload.io",
    "fembed-hd.com",
    "fileclub.cyou",
    "filemoon.sx",
    "filmy4wap.ink",
    "flashx.net",
    "fmovies.ps",
    "gamovideo.com",
    "gaybeeg.info",
    "gdriveplayer.pro",
    "givemenbastreams.com",
    "gogoanimes.org",
    "gogohd.net",
    "gogoplay.io",
    "gogoplay4.com",
    "goload.io",
    "gomo.to",
    "goodstream.org",
    "hdfilme.cx",
    "hdtoday.ru",
    "hexupload.net",
    "housecardsummerbutton.com",
    "hurawatch.at",
    "ive.zone",
    "kesini.in",
    "kickassanime.ro",
    "kickasstorrents.to",
    "klubsports.click",
    "letsupload.io",
    "linkhub.icu",
    "linksafe.cc",
    "livetvon.click",
    "luxubu.review",
    "mangareader.cc",
    "mangovideo.pw",
    "maxsport.one",
    "membed.net",
    "meomeo.pw",
    "mirrorace.org",
    "mixdrop.bz",
    "mixdrop.ch",
    "mixdrop.click",
    "mixdrop.club",
    "mixdrop.co",
    "mixdrop.sx",
    "mixdrop.to",
    "mixdrops.xyz",
    "mp4upload.com",
    "mycast.icu",
    "mystream.to",
    "nelion.me",
    "nocensor.biz",
    "ovagames.com",
    "owodeuwu.xyz",
    "pcgamestorrents.com",
    "playtube.ws",
    "pouvideo.cc",
    "projectfreetv2.com",
    "proxyer.org",
    "putlocker-website.com",
    "putlockers.gs",
    "putlockertv.one",
    "radamel.icu",
    "reputationsheriffkennethsand.com",
    "rojadirecta.watch",
    "sbthe.com",
    "scloud.online",
    "send.cm",
    "sflix.to",
    "shavetape.cash",
    "shortlinkto.icu",
    "skidrowcodex.net",
    "smallencode.me",
    "soccerstreamslive.co",
    "stapadblockuser.info",
    "stape.fun",
    "stapewithadblock.beauty",
    "stapewithadblock.monster",
    "stapewithadblock.xyz",
    "stayonline.pro",
    "strcloud.in",
    "streamingsite.net",
    "streamlare.com",
    "streamsport.icu",
    "streamta.pe",
    "streamta.site",
    "streamtape.com",
    "streamtapeadblock.art",
    "streamtapeadblockuser.art",
    "streamtapeadblockuser.homes",
    "streamtapeadblockuser.monster",
    "streamtapeadblockuser.xyz",
    "streamz.ws",
    "streamzz.to",
    "strikeout.cc",
    "strtape.cloud",
    "strtape.tech",
    "strtapeadblock.club",
    "strtapeadblocker.xyz",
    "strtapewithadblock.art",
    "strtapewithadblock.xyz",
    "superstream123.net",
    "supervideo.tv",
    "techmyntra.net",
    "telerium.icu",
    "telyn610zoanthropy.com",
    "thepiratebay0.org",
    "theproxy.ws",
    "thevideome.com",
    "un-block-voe.net",
    "upbam.org",
    "uplinkto.one",
    "upload-4ever.com",
    "uproxy.to",
    "upstream.to",
    "uptobhai.com",
    "uqload.com",
    "userload.co",
    "userload.xyz",
    "userscloud.com",
    "v-o-e-unblock.com",
    "vanfem.com",
    "vidbam.org",
    "vidcloud.click",
    "vidembed.me",
    "videovard.sx",
    "vidlox.me",
    "vido.lol",
    "vidshar.org",
    "vidsrc.me",
    "vidsrc.stream",
    "vidz7.com",
    "vipleague.im",
    "vipleague.tv",
    "vivo.sx",
    "voe-un-block.com",
    "voe-unblock.com",
    "voe-unblock.net",
    "voe.bar",
    "voe.sx",
    "voeun-block.net",
    "voeunbl0ck.com",
    "voeunblck.com",
    "voeunblk.com",
    "voeunblock.com",
    "voeunblock1.com",
    "voeunblock2.com",
    "voeunblock3.com",
    "vostfree.online",
    "vudeo.io",
    "vudeo.net",
    "vumoo.to",
    "vupload.com",
    "watch-free.tv",
    "watchserieshd.live",
    "wowlive.info",
    "yodbox.com",
    "youtube4kdownloader.com",
    "zoro.to"
   ],
   "isUrlFilterCaseSensitive": false,
   "regexFilter": "^https?:\\/\\/[0-9a-z]{8,}\\.com\\/.*"
  },
  "id": 16831
 },
 {
  "action": {
   "type": "block"
  },
  "condition": {
   "domainType": "thirdParty",
   "excludedResourceTypes": [
    "main_frame",
    "media"
   ],
   "initiatorDomains": [
    "2embed.to",
    "apiyoutube.cc",
    "clicknupload.to",
    "daddyhd.com",
    "dood.wf",
    "gogoanime.qa",
    "poscitech.click",
    "sportcast.life",
    "uploadbank.com"
   ],
   "isUrlFilterCaseSensitive": false,
   "regexFilter": "^https?:\\/\\/[0-9a-z]{8,}\\.xyz\\/.*"
  },
  "id": 16832
 },
 {
  "action": {
   "type": "block"
  },
  "condition": {
   "domainType": "thirdParty",
   "isUrlFilterCaseSensitive": false,
   "regexFilter": "^https?:\\/\\/.*(com|net|top|xyz)\\/(bundle|warning|style|bootstrap|brand|reset|jquery-ui|styles|error|logo|index|favicon|star|header)\\.(png|css)\\?[A-Za-z0-9]{30,}.*"
  },
  "id": 16833
 },
 {
  "action": {
   "type": "block"
  },
  "condition": {
   "domainType": "thirdParty",
   "regexFilter": "^https?:\\/\\/[a-z]{8,15}\\.top\\/[-a-z]{4,}\\.css\\?aHR0c[\\/0-9a-zA-Z]{33,}=?=?$",
   "resourceTypes": [
    "stylesheet"
   ]
  },
  "id": 17012
 },
 {
  "action": {
   "type": "block"
  },
  "condition": {
   "domainType": "thirdParty",
   "regexFilter": "^https?:\\/\\/[a-z]{8,15}\\.xyz\\/[-a-z]{4,}\\.css\\?aHR0c[\\/0-9a-zA-Z]{33,}=?=?$",
   "resourceTypes": [
    "stylesheet"
   ]
  },
  "id": 17013
 },
 {
  "action": {
   "type": "block"
  },
  "condition": {
   "domainType": "thirdParty",
   "regexFilter": "^https?:\\/\\/[a-z]{8,15}\\.top\\/[a-z]{4,}\\.png\\?aHR0c[\\/0-9a-zA-Z]{33,}=?=?$",
   "resourceTypes": [
    "image"
   ]
  },
  "id": 17024
 },
 {
  "action": {
   "type": "block"
  },
  "condition": {
   "domainType": "thirdParty",
   "regexFilter": "^https?:\\/\\/[a-z]{8,15}\\.xyz\\/[a-z]{4,}\\.png\\?aHR0c[\\/0-9a-zA-Z]{33,}=?=?$",
   "resourceTypes": [
    "image"
   ]
  },
  "id": 17025
 },
 {
  "action": {
   "type": "block"
  },
  "condition": {
   "domainType": "thirdParty",
   "isUrlFilterCaseSensitive": false,
   "regexFilter": "[0-9a-f]{32}\\/invoke\\.js",
   "resourceTypes": [
    "script"
   ]
  },
  "id": 17112
 },
 {
  "action": {
   "type": "block"
  },
  "condition": {
   "domainType": "thirdParty",
   "isUrlFilterCaseSensitive": false,
   "regexFilter": "^https?:\\/\\/(?:www\\.|[0-9a-z]{7,10}\\.)?[-0-9a-z]{5,}\\.com\\/(?:[0-9a-f]{2}\\/){2,3}[0-9a-f]{32}\\.js",
   "resourceTypes": [
    "script",
    "xmlhttprequest"
   ]
  },
  "id": 17113
 },
 {
  "action": {
   "type": "block"
  },
  "condition": {
   "domainType": "thirdParty",
   "isUrlFilterCaseSensitive": false,
   "regexFilter": "^https?:\\/\\/[0-9a-z]{13,14}\\.cloudfront\\.net\\/\\?[a-z]{3,5}=\\d{6}$",
   "resourceTypes": [
    "script",
    "xmlhttprequest"
   ]
  },
  "id": 17114
 },
 {
  "action": {
   "type": "block"
  },
  "condition": {
   "domainType": "thirdParty",
   "isUrlFilterCaseSensitive": false,
   "regexFilter": "^https:\\/\\/[0-9a-f]{10}\\.[0-9a-f]{10}\\.com\\/[0-9a-f]{32}\\.js$",
   "resourceTypes": [
    "script"
   ]
  },
  "id": 17115
 },
 {
  "action": {
   "type": "block"
  },
  "condition": {
   "domainType": "thirdParty",
   "regexFilter": "^https?:\\/\\/[-a-z]{6,}\\.com?\\/[a-d][-\\.\\/_A-Za-z][DHWXm][-\\.\\/_A-Za-z][59FVZ][-\\.\\/_A-Za-z][6swyz][-\\.\\/_A-Za-z][-\\/_0-9a-zA-Z][-\\.\\/_A-Za-z][-\\/_0-9a-zA-Z]{22,162}$",
   "resourceTypes": [
    "script",
    "xmlhttprequest"
   ]
  },
  "id": 17116
 },
 {
  "action": {
   "type": "block"
  },
  "condition": {
   "domainType": "thirdParty",
   "regexFilter": "^https?:\\/\\/[-a-z]{6,}\\.info\\/[a-d][-\\.\\/_A-Za-z][DHWXm][-\\.\\/_A-Za-z][59FVZ][-\\.\\/_A-Za-z][6swyz][-\\.\\/_A-Za-z][-\\/_0-9a-zA-Z][-\\.\\/_A-Za-z][-\\/_0-9a-zA-Z]{22,162}$",
   "resourceTypes": [
    "script",
    "xmlhttprequest"
   ]
  },
  "id": 17117
 },
 {
  "action": {
   "type": "block"
  },
  "condition": {
   "domainType": "thirdParty",
   "regexFilter": "^https?:\\/\\/[-a-z]{6,}\\.pro\\/[a-d][-\\.\\/_A-Za-z][DHWXm][-\\.\\/_A-Za-z][59FVZ][-\\.\\/_A-Za-z][6swyz][-\\.\\/_A-Za-z][-\\/_0-9a-zA-Z][-\\.\\/_A-Za-z][-\\/_0-9a-zA-Z]{22,162}$",
   "resourceTypes": [
    "script",
    "xmlhttprequest"
   ]
  },
  "id": 17118
 },
 {
  "action": {
   "type": "block"
  },
  "condition": {
   "domainType": "thirdParty",
   "regexFilter": "^https?:\\/\\/[-a-z]{6,}\\.xyz\\/[a-d][-\\.\\/_A-Za-z][DHWXm][-\\.\\/_A-Za-z][59FVZ][-\\.\\/_A-Za-z][6swyz][-\\.\\/_A-Za-z][-\\/_0-9a-zA-Z][-\\.\\/_A-Za-z][-\\/_0-9a-zA-Z]{22,162}$",
   "resourceTypes": [
    "script",
    "xmlhttprequest"
   ]
  },
  "id": 17119
 },
 {
  "action": {
   "type": "block"
  },
  "condition": {
   "domainType": "thirdParty",
   "isUrlFilterCaseSensitive": false,
   "regexFilter": "^https:\\/\\/aj[0-9a-z]{2}\\d{2}\\.online\\/[0-9a-z]{8}\\.js$",
   "resourceTypes": [
    "script"
   ]
  },
  "id": 17154
 },
 {
  "action": {
   "type": "block"
  },
  "condition": {
   "domainType": "thirdParty",
   "isUrlFilterCaseSensitive": false,
   "regexFilter": "^https?:\\/\\/[a-z]{8,15}\\.(?:com|net|xyz)\\/5\\/\\d{7}(?:\\?_=\\d+)?$",
   "resourceTypes": [
    "script"
   ]
  },
  "id": 17177
 },
 {
  "action": {
   "type": "block"
  },
  "condition": {
   "domainType": "thirdParty",
   "isUrlFilterCaseSensitive": false,
   "regexFilter": "^https:\\/\\/[-a-z]{8,15}\\.(?:com|net)\\/400\\/\\d{7}$",
   "resourceTypes": [
    "script"
   ]
  },
  "id": 17178
 },
 {
  "action": {
   "type": "block"
  },
  "condition": {
   "domainType": "thirdParty",
   "isUrlFilterCaseSensitive": false,
   "regexFilter": "^https:\\/\\/[-a-z]{8,15}\\.(?:com|net)\\/401\\/\\d{7}$",
   "resourceTypes": [
    "script"
   ]
  },
  "id": 17179
 },
 {
  "action": {
   "type": "block"
  },
  "condition": {
   "domainType": "thirdParty",
   "isUrlFilterCaseSensitive": false,
   "regexFilter": "^https?:\\/\\/[a-z]{6,12}\\.com\\/script\\/n[a-z]su\\.js$",
   "resourceTypes": [
    "script"
   ]
  },
  "id": 17219
 },
 {
  "action": {
   "type": "block"
  },
  "condition": {
   "domainType": "thirdParty",
   "regexFilter": "^https?:\\/\\/cdn\\.[a-z]{4,6}\\.xyz\\/app\\.js$",
   "resourceTypes": [
    "script"
   ]
  },
  "id": 17229
 },
 {
  "action": {
   "type": "block"
  },
  "condition": {
   "domainType": "thirdParty",
   "isUrlFilterCaseSensitive": false,
   "regexFilter": "^https:\\/\\/[a-z]{8}\\.xyz\\/main\\.js$",
   "resourceTypes": [
    "script"
   ]
  },
  "id": 17236
 },
 {
  "action": {
   "type": "block"
  },
  "condition": {
   "domainType": "thirdParty",
   "regexFilter": "^https:\\/\\/cdn\\.jsdelivr\\.net\\/npm\\/[-a-z_]{4,22}@latest\\/dist\\/script\\.min\\.js$",
   "resourceTypes": [
    "script"
   ]
  },
  "id": 17251
 },
 {
  "action": {
   "type": "block"
  },
  "condition": {
   "domainType": "thirdParty",
   "isUrlFilterCaseSensitive": false,
   "regexFilter": "(https?:\\/\\/)\\w{30,}\\.me\\/\\w{30,}\\.",
   "resourceTypes": [
    "script"
   ]
  },
  "id": 17255
 },
 {
  "action": {
   "type": "block"
  },
  "condition": {
   "domainType": "thirdParty",
   "excludedInitiatorDomains": [
    "amazon.com"
   ],
   "isUrlFilterCaseSensitive": false,
   "regexFilter": "^https?:\\/\\/s3\\.*.*\\.amazonaws\\.com\\/[a-f0-9]{45,}\\/[a-f,0-9]{8,10}$",
   "resourceTypes": [
    "script",
    "xmlhttprequest"
   ]
  },
  "id": 17258
 },
 {
  "action": {
   "type": "block"
  },
  "condition": {
   "domainType": "thirdParty",
   "isUrlFilterCaseSensitive": false,
   "regexFilter": "^https?:\\/\\/cdn\\.[0-9a-z]{3,6}\\.xyz\\/[a-z0-9]{8,}\\.js$",
   "resourceTypes": [
    "script"
   ]
  },
  "id": 17260
 },
 {
  "action": {
   "type": "block"
  },
  "condition": {
   "domainType": "thirdParty",
   "initiatorDomains": [
    "dood.la",
    "dood.pm",
    "dood.sh",
    "dood.so",
    "dood.to",
    "dood.watch",
    "dood.ws"
   ],
   "isUrlFilterCaseSensitive": false,
   "regexFilter": "^https?:\\/\\/www\\.[0-9a-z]{8,}\\.com\\/[0-9a-z]{1,4}\\.js$",
   "resourceTypes": [
    "script"
   ]
  },
  "id": 17267
 },
 {
  "action": {
   "type": "block"
  },
  "condition": {
   "domainType": "thirdParty",
   "isUrlFilterCaseSensitive": false,
   "regexFilter": "^https?:\\/\\/[0-9a-f]{50,}\\.s3\\.amazonaws\\.com\\/[0-9a-f]{10}$",
   "resourceTypes": [
    "xmlhttprequest"
   ]
  },
  "id": 17283
 },
 {
  "action": {
   "type": "block"
  },
  "condition": {
   "domainType": "thirdParty",
   "isUrlFilterCaseSensitive": false,
   "regexFilter": "^https?:\\/\\/s3\\.us-east-1\\.amazonaws\\.com\\/[0-9a-f]{50,}\\/[0-9a-f]{10}$",
   "resourceTypes": [
    "xmlhttprequest"
   ]
  },
  "id": 17284
 },
 {
  "action": {
   "type": "block"
  },
  "condition": {
   "domainType": "thirdParty",
   "regexFilter": "^https?:\\/\\/[a-z]{8,15}\\.top\\/[a-z]{4,}\\.json$",
   "resourceTypes": [
    "xmlhttprequest"
   ]
  },
  "id": 17285
 },
 {
  "action": {
   "type": "block"
  },
  "condition": {
   "domainType": "thirdParty",
   "regexFilter": "^https?:\\/\\/[a-z]{8,15}\\.xyz\\/[a-z]{4,}\\.json$",
   "resourceTypes": [
    "xmlhttprequest"
   ]
  },
  "id": 17286
 },
 {
  "action": {
   "type": "block"
  },
  "condition": {
   "domainType": "thirdParty",
   "isUrlFilterCaseSensitive": false,
   "regexFilter": "^https:\\/\\/[-a-z]{8,15}\\.(?:com|net)\\/500\\/\\d{7}\\?",
   "resourceTypes": [
    "xmlhttprequest"
   ]
  },
  "id": 17289
 },
 {
  "action": {
   "type": "block"
  },
  "condition": {
   "domainType": "thirdParty",
   "regexFilter": "^https?:\\/\\/[a-z]{8,15}\\.top(\\/(?:\\d{1,5}|0NaN|articles?|browse|index|movie|news|pages?|static|view|web|wiki)){1,4}(?:\\.html|\\/)$",
   "resourceTypes": [
    "sub_frame"
   ]
  },
  "id": 17302
 },
 {
  "action": {
   "type": "block"
  },
  "condition": {
   "domainType": "thirdParty",
   "regexFilter": "^https?:\\/\\/[a-z]{8,15}\\.xyz(\\/(?:\\d{1,5}|0NaN|articles?|browse|index|movie|news|pages?|static|view|web|wiki)){1,4}(?:\\.html|\\/)$",
   "resourceTypes": [
    "sub_frame"
   ]
  },
  "id": 17303
 },
 {
  "action": {
   "type": "block"
  },
  "condition": {
   "domainType": "thirdParty",
   "isUrlFilterCaseSensitive": false,
   "regexFilter": "^https?:\\/\\/[-0-9a-z]{5,}\\.com\\/[0-9a-z]{8,10}\\?key=[0-9a-f]{32}$",
   "resourceTypes": [
    "sub_frame"
   ]
  },
  "id": 17310
 },
 {
  "action": {
   "type": "block"
  },
  "condition": {
   "domainType": "thirdParty",
   "isUrlFilterCaseSensitive": false,
   "regexFilter": "([0-9]{1,3}\\.){3}[0-9]{1,3}.*(\\/proxy|\\.wasm|\\.wsm|\\.wa)$",
   "resourceTypes": [
    "websocket"
   ]
  },
  "id": 17330
 }
]
