[
 {
  "action": {
   "type": "block"
  },
  "condition": {
   "initiatorDomains": [
    "beeg-pornos.com",
    "deinesexfilme.com",
    "deutsche-sexfilme.net",
    "deutschsex.com",
    "deutschsex.mobi",
    "einfachtitten.com",
    "german-porno-deutsch.info",
    "gutesexfilme.com",
    "hd-pornos.info",
    "hd-sexfilme.com",
    "lesbenhd.com",
    "meinyouporn.com",
    "pornoaffe.com",
    "pornoente.tv",
    "pornofisch.com",
    "pornohammer.com",
    "pornohans.com",
    "pornohirsch.net",
    "pornojenny.com",
    "pornoklinge.com",
    "pornotom.com",
    "pornotommy.com",
    "pornozebra.com",
    "reifporn.de",
    "sexente.com",
    "sexvideos-hd.com",
    "tube8-pornos.com",
    "xhamster-sexvideos.com",
    "xnxx-porno.com"
   ],
   "isUrlFilterCaseSensitive": false,
   "regexFilter": "^https?:\\/\\/.*\\/[a-z0-9A-Z]{3,15}\\.(php|jsx|1ph)",
   "resourceTypes": [
    "image",
    "media",
    "script",
    "sub_frame"
   ]
  },
  "id": 1427
 },
 {
  "action": {
   "type": "block"
  },
  "condition": {
   "initiatorDomains": [
    "hammerporno.xxx"
   ],
   "isUrlFilterCaseSensitive": false,
   "regexFilter": "^https?:\\/\\/.*\\/.*(sw[0-9a-z._-]|\\.notify\\.).*",
   "resourceTypes": [
    "script"
   ]
  },
  "id": 1436
 },
 {
  "action": {
   "type": "block"
  },
  "condition": {
   "domainType": "thirdParty",
   "excludedResourceTypes": [
    "main_frame",
    "media",
    "sub_frame"
   ],
   "initiatorDomains": [
    "190.115.18.20",
    "aniworld.to",
    "bs.to",
    "burningseries.ac",
    "burningseries.cx",
    "burningseries.nz",
    "burningseries.se",
    "burningseries.sx",
    "burningseries.vc",
    "kinox.top",
    "s.to",
    "serien.cam",
    "serienstream.to"
   ],
   "isUrlFilterCaseSensitive": false,
   "regexFilter": "^https?:\\/\\/[0-9a-z]{8,}\\.com\\/.*"
  },
  "id": 1580
 }
]
