[
 {
  "action": {
   "type": "block"
  },
  "condition": {
   "isUrlFilterCaseSensitive": false,
   "regexFilter": "^https?:\\/\\/[a-z0-9-\\.]*[a-z0-9-]+\\.[a-z]+\\/bannerpop\\/uploads\\/"
  },
  "id": 7
 },
 {
  "action": {
   "type": "block"
  },
  "condition": {
   "isUrlFilterCaseSensitive": false,
   "regexFilter": "^https?:\\/\\/[a-z0-9-\\.]*[a-z0-9-]+\\.[a-z]+\\/adManager\\/(css|js)\\/[A-z]+\\.(css|js)$"
  },
  "id": 8
 },
 {
  "action": {
   "type": "block"
  },
  "condition": {
   "isUrlFilterCaseSensitive": false,
   "regexFilter": "RealMedia\\/ads"
  },
  "id": 12
 },
 {
  "action": {
   "type": "block"
  },
  "condition": {
   "isUrlFilterCaseSensitive": false,
   "regexFilter": "^https:\\/\\/haninpost\\.com\\/wp-content\\/uploads\\/[0-9]{4}\\/[0-9]{2}\\/.*(webbanner-|%EA%B4%91%EA%B3%A0|.{1}banner.{1}[0-9]+x[0-9]+)"
  },
  "id": 14
 },
 {
  "action": {
   "type": "block"
  },
  "condition": {
   "regexFilter": "^https:\\/\\/haninpost\\.com\\/wp-content\\/uploads\\/[0-9]{4}\\/[0-9]{2}\\/[A-Z0-9_]+\\."
  },
  "id": 15
 },
 {
  "action": {
   "type": "block"
  },
  "condition": {
   "isUrlFilterCaseSensitive": false,
   "regexFilter": "^https:\\/\\/cdn[0-9]+\\.boribori\\.co\\.kr\\/rimg\\/(0|110x250)\\/cdn\\/contents\\/disp_corner_conts\\/"
  },
  "id": 22
 },
 {
  "action": {
   "type": "block"
  },
  "condition": {
   "isUrlFilterCaseSensitive": false,
   "regexFilter": "^https:\\/\\/evape\\.kr\\/data\\/editor\\/[0-9]+\\/[a-z0-9]+_[a-z0-9]+_[a-z0-9]+\\."
  },
  "id": 25
 },
 {
  "action": {
   "type": "block"
  },
  "condition": {
   "isUrlFilterCaseSensitive": false,
   "regexFilter": "^https:\\/\\/evape\\.kr\\/data\\/file[0-9]+\\/client\\/"
  },
  "id": 26
 },
 {
  "action": {
   "type": "block"
  },
  "condition": {
   "isUrlFilterCaseSensitive": false,
   "regexFilter": "^https?:\\/\\/timg\\.humoruniv\\.com\\/thumb_crop_resize\\.php\\?url_enc=[^\\/\\r\\t\\n\\?]+\\?SIZE=.+\\?OPT=none"
  },
  "id": 32
 },
 {
  "action": {
   "type": "block"
  },
  "condition": {
   "isUrlFilterCaseSensitive": false,
   "regexFilter": "^https:\\/\\/sports-phinf\\.pstatic\\.net\\/[0-9]{8}_[0-9]{2,}\\/[A-z0-9]+_PNG\\/[A-Z0-9%\\._]+\\."
  },
  "id": 44
 },
 {
  "action": {
   "type": "block"
  },
  "condition": {
   "isUrlFilterCaseSensitive": false,
   "regexFilter": "^https?:\\/\\/gamefocus\\.co\\.kr\\/img_mobile\\/bn_[a-z0-9_]+[0-9]+\\."
  },
  "id": 65
 },
 {
  "action": {
   "type": "block"
  },
  "condition": {
   "isUrlFilterCaseSensitive": false,
   "regexFilter": "^https:\\/\\/[a-z0-9-]+\\.orbi\\.kr\\/[0-9]+\\/[a-z0-9]+\\."
  },
  "id": 75
 },
 {
  "action": {
   "type": "block"
  },
  "condition": {
   "isUrlFilterCaseSensitive": false,
   "regexFilter": "^https?:\\/\\/(www\\.)?eleccar\\.co\\.kr\\/Files\\/[0-9]+\\/Template\\/[0-9]+\\/[0-9]+_[0-9]+\\."
  },
  "id": 77
 },
 {
  "action": {
   "type": "block"
  },
  "condition": {
   "isUrlFilterCaseSensitive": false,
   "regexFilter": "^https?:\\/\\/kpenews\\.com\\/images\\/main\\/[a-z]+_[0-9]+\\."
  },
  "id": 79
 },
 {
  "action": {
   "type": "block"
  },
  "condition": {
   "isUrlFilterCaseSensitive": false,
   "regexFilter": "^https?:\\/\\/kpenews\\.com\\/Files\\/[0-9]\\/Template\\/[0-9]+\\/[0-9]+_[0-9]+\\."
  },
  "id": 80
 },
 {
  "action": {
   "type": "block"
  },
  "condition": {
   "isUrlFilterCaseSensitive": false,
   "regexFilter": "^https:\\/\\/nimage\\.g-enews\\.com\\/phpwas\\/restmb_allidxmake\\.php\\?idx=999&simg=[a-f0-9]+_0\\."
  },
  "id": 81
 },
 {
  "action": {
   "type": "block"
  },
  "condition": {
   "isUrlFilterCaseSensitive": false,
   "regexFilter": "^https:\\/\\/haninvegas\\.com\\/wp-content\\/uploads\\/[0-9]+\\/[0-9]+\\/[%A-Z0-9-]+-[0-9]+x[0-9]+"
  },
  "id": 85
 },
 {
  "action": {
   "type": "block"
  },
  "condition": {
   "isUrlFilterCaseSensitive": false,
   "regexFilter": "^https?:\\/\\/img\\.dt\\.co\\.kr\\/images\\/[0-9]+x[0-9]+\\."
  },
  "id": 89
 },
 {
  "action": {
   "type": "block"
  },
  "condition": {
   "isUrlFilterCaseSensitive": false,
   "regexFilter": "^https:\\/\\/etoland\\.co\\.kr\\/data\\/file[0-9]+\\/store\\/thumb-[A-z0-9_]+[0-9]+x[0-9]+\\."
  },
  "id": 94
 },
 {
  "action": {
   "type": "block"
  },
  "condition": {
   "isUrlFilterCaseSensitive": false,
   "regexFilter": "^https:\\/\\/dbr\\.donga\\.com\\/upload_dir\\/source\\/.+\\([0-9]+x[0-9]+\\)\\."
  },
  "id": 95
 },
 {
  "action": {
   "type": "block"
  },
  "condition": {
   "isUrlFilterCaseSensitive": false,
   "regexFilter": "^https:\\/\\/health\\.chosun\\.com\\/images\\/[0-9]+x[0-9]+"
  },
  "id": 108
 },
 {
  "action": {
   "type": "block"
  },
  "condition": {
   "isUrlFilterCaseSensitive": false,
   "regexFilter": "https:\\/\\/(www\\.)?koreatimes\\.net\\/images\\/attach\\/[A-Z0-9]+-[0-9]+\\/"
  },
  "id": 111
 },
 {
  "action": {
   "type": "block"
  },
  "condition": {
   "isUrlFilterCaseSensitive": false,
   "regexFilter": "^https:\\/\\/(www\\.)?koreatimes\\.net\\/images\\/attach\\/[a-z]+[0-9]+\\/"
  },
  "id": 113
 },
 {
  "action": {
   "type": "block"
  },
  "condition": {
   "isUrlFilterCaseSensitive": false,
   "regexFilter": "https:\\/\\/[a-z0-9]+\\.wp\\.com\\/wowtale\\.net\\/wp-content\\/uploads\\/[0-9]{4}\\/[0-9]{2}\\/wowtale\\.net-.+[0-9]{2,}(x|-)[0-9]{2,}\\."
  },
  "id": 124
 },
 {
  "action": {
   "type": "block"
  },
  "condition": {
   "isUrlFilterCaseSensitive": false,
   "regexFilter": "https?:\\/\\/(www\\.)?defensetimes\\.kr\\/imgs\\/[A-z_]+[0-9]{2,3}x[0-9]{2,3}\\."
  },
  "id": 134
 },
 {
  "action": {
   "type": "block"
  },
  "condition": {
   "isUrlFilterCaseSensitive": false,
   "regexFilter": "^https:\\/\\/tbc\\.imgdl\\.xcache\\.kinxcdn\\.com\\/cdn[0-9]{3}\\/[0-9]{8}\\/[0-9%A-z_]+\\([0-9]{3,4}x[0-9]{3,4}\\)"
  },
  "id": 137
 },
 {
  "action": {
   "type": "block"
  },
  "condition": {
   "isUrlFilterCaseSensitive": false,
   "regexFilter": "^https:\\/\\/thistime\\.ca\\/wp-content\\/uploads\\/[0-9]{4}\\/[0-9]{2}\\/(.*-ad-|.*-banner-|.*[0-9]{3}x[0-9]{3}_|[0-9]{3}x[0-9]{3}-)"
  },
  "id": 166
 },
 {
  "action": {
   "type": "block"
  },
  "condition": {
   "isUrlFilterCaseSensitive": false,
   "regexFilter": "^https:\\/\\/upload\\.acmicpc\\.net\\/[a-z0-9]{8}-[a-z0-9]{4}-[a-z0-9]{4}-[a-z0-9]{4}-[a-z0-9]{12}\\/$"
  },
  "id": 170
 },
 {
  "action": {
   "type": "block"
  },
  "condition": {
   "isUrlFilterCaseSensitive": false,
   "regexFilter": "^https?:\\/\\/img.tf.co.kr\\/ss\\/[0-9]{4}\\/fns\\/ads_"
  },
  "id": 232
 },
 {
  "action": {
   "type": "block"
  },
  "condition": {
   "isUrlFilterCaseSensitive": false,
   "regexFilter": "^https:\\/\\/coolenjoy\\.net\\/data\\/editor\\/[0-9]{4}\\/[0-9]{14}_[a-z]{8}\\."
  },
  "id": 244
 },
 {
  "action": {
   "type": "block"
  },
  "condition": {
   "isUrlFilterCaseSensitive": false,
   "regexFilter": "^https:\\/\\/etoland\\.co\\.kr\\/data\\/daumeditor10\\/[0-9]{6}\\/[0-9]{17}\\.png$"
  },
  "id": 248
 },
 {
  "action": {
   "type": "block"
  },
  "condition": {
   "isUrlFilterCaseSensitive": false,
   "regexFilter": "https?:\\/\\/www\\.ombudsmannews\\.com\\/default\\/image\\/[a-z]+\\.gif"
  },
  "id": 254
 },
 {
  "action": {
   "type": "block"
  },
  "condition": {
   "isUrlFilterCaseSensitive": false,
   "regexFilter": "https?:\\/\\/www\\.ajl\\.co\\.kr\\/[0-9A-z_]+\\."
  },
  "id": 265
 },
 {
  "action": {
   "type": "block"
  },
  "condition": {
   "isUrlFilterCaseSensitive": false,
   "regexFilter": "https:\\/\\/(www\\.)?0db\\.co\\.kr\\/files\\/attach\\/images\\/[0-9]{5}\\/[a-z0-9]{32}\\.jpg$"
  },
  "id": 336
 },
 {
  "action": {
   "type": "block"
  },
  "condition": {
   "isUrlFilterCaseSensitive": false,
   "regexFilter": "^https:\\/\\/static[0-9]\\.e-himart\\.co\\.kr\\/contents\\/content\\/display\\/cornerContents\\/imageBanner\\/[0-9]{3}\\/imageBanner_"
  },
  "id": 338
 },
 {
  "action": {
   "type": "block"
  },
  "condition": {
   "isUrlFilterCaseSensitive": false,
   "regexFilter": "^https?:\\/\\/(www\\.)?stockinfo7\\.com\\/img\\/(banner\\/|%E)"
  },
  "id": 340
 },
 {
  "action": {
   "type": "block"
  },
  "condition": {
   "isUrlFilterCaseSensitive": false,
   "regexFilter": "^https:\\/\\/ohlitv\\.com\\/img\\/[0-9]{4}\\/[a-z]+\\.gif$"
  },
  "id": 344
 },
 {
  "action": {
   "type": "block"
  },
  "condition": {
   "isUrlFilterCaseSensitive": false,
   "regexFilter": "^https:\\/\\/ohli24\\.net\\/img\\/[0-9]{4}\\/[A-z]+\\.[a-z]{3}$"
  },
  "id": 348
 },
 {
  "action": {
   "type": "block"
  },
  "condition": {
   "isUrlFilterCaseSensitive": false,
   "regexFilter": "^https:\\/\\/moyo-cdn\\.[a-z0-9]{2,3}\\.[a-z0-9-]{12,15}\\.amazonaws\\.com\\/img\\/banner\\/"
  },
  "id": 358
 },
 {
  "action": {
   "type": "block"
  },
  "condition": {
   "isUrlFilterCaseSensitive": false,
   "regexFilter": "^https:\\/\\/h5\\.dcinside\\.com\\/assets\\/(aaa%20|banner|[%A-F0-9]{20,})"
  },
  "id": 366
 },
 {
  "action": {
   "type": "block"
  },
  "condition": {
   "isUrlFilterCaseSensitive": false,
   "regexFilter": "^https:\\/\\/shop\\.nate\\.com\\/shopbox\\/shopbox.+&svcpage=news"
  },
  "id": 377
 },
 {
  "action": {
   "type": "block"
  },
  "condition": {
   "isUrlFilterCaseSensitive": false,
   "regexFilter": "^https:\\/\\/(comm\\.|m\\.)?news\\.nate\\.com\\/(etc|Etc)\\/[A-z]*(ad|Ad|AD)[A-z]*"
  },
  "id": 379
 },
 {
  "action": {
   "type": "block"
  },
  "condition": {
   "isUrlFilterCaseSensitive": false,
   "regexFilter": "^https:\\/\\/t1\\.daumcdn\\.net\\/b2\\/creative\\/[0-9]{6}\\/[a-z0-9]{32}\\."
  },
  "id": 385
 },
 {
  "action": {
   "type": "block"
  },
  "condition": {
   "isUrlFilterCaseSensitive": false,
   "regexFilter": "^https:\\/\\/www\\.filecity\\.co\\.kr\\/img\\/btn\\/top_banner_[a-z]{4}\\."
  },
  "id": 386
 },
 {
  "action": {
   "type": "block"
  },
  "condition": {
   "isUrlFilterCaseSensitive": false,
   "regexFilter": "^https:\\/\\/[a-z]+\\.hungryapp\\.co\\.kr\\/main\\/main[0-9]{4}\\/_main_event\\.php$"
  },
  "id": 388
 },
 {
  "action": {
   "type": "block"
  },
  "condition": {
   "isUrlFilterCaseSensitive": false,
   "regexFilter": "^https:\\/\\/ssp\\.igaw\\.io\\/bak\\/[0-9]{3}x[0-9]{2}\\."
  },
  "id": 394
 },
 {
  "action": {
   "type": "block"
  },
  "condition": {
   "isUrlFilterCaseSensitive": false,
   "regexFilter": "^https:\\/\\/nng-phinf\\.pstatic\\.net\\/[A-z0-9]{16}\\/[A-z0-9.-]{110}\\.[A-Z]{3,4}\\/APP-"
  },
  "id": 395
 },
 {
  "action": {
   "type": "block"
  },
  "condition": {
   "isUrlFilterCaseSensitive": false,
   "regexFilter": "^https?:\\/\\/playwares\\.com\\/files\\/attach\\/images\\/[0-9]{8}\\/[0-9]{3}\\/[0-9]{3}\\/[0-9]{3}\\/[a-z0-9]{32}\\."
  },
  "id": 399
 },
 {
  "action": {
   "type": "block"
  },
  "condition": {
   "isUrlFilterCaseSensitive": false,
   "regexFilter": "^https:\\/\\/shop[0-9]\\.daumcdn\\.net\\/shophow\\/sib\\/[0-9]_[0-9]{12}_[A-z]{10,}"
  },
  "id": 401
 },
 {
  "action": {
   "type": "block"
  },
  "condition": {
   "isUrlFilterCaseSensitive": false,
   "regexFilter": "^https:\\/\\/image[0-9]{1,2}\\.compuzone\\.co\\.kr\\/img\\/images\\/main[0-9]{4}\\/[A-z]{1,2}\\/[A-z]{3,}Banner(|[0-9])_(|add_)[0-9]{5,6}\\."
  },
  "id": 402
 },
 {
  "action": {
   "type": "block"
  },
  "condition": {
   "isUrlFilterCaseSensitive": false,
   "regexFilter": "^https:\\/\\/image\\.edaily\\.co\\.kr\\/images\\/content\\/[A-z0-9]+640x100\\."
  },
  "id": 408
 },
 {
  "action": {
   "type": "block"
  },
  "condition": {
   "isUrlFilterCaseSensitive": false,
   "regexFilter": "^https:\\/\\/image\\.edaily\\.co\\.kr\\/images\\/content\\/[A-z0-9]+1080x128\\."
  },
  "id": 409
 },
 {
  "action": {
   "type": "block"
  },
  "condition": {
   "isUrlFilterCaseSensitive": false,
   "regexFilter": "^https:\\/\\/[a-z0-9\\.]*torrentdia[0-9]+\\.com\\/data\\/to_list\\/"
  },
  "id": 591
 },
 {
  "action": {
   "type": "block"
  },
  "condition": {
   "isUrlFilterCaseSensitive": false,
   "regexFilter": "^https:\\/\\/torrentsee[0-9]+\\.com\\/uploadfile\\/up[a-z0-9]+\\.gif$"
  },
  "id": 592
 },
 {
  "action": {
   "type": "block"
  },
  "condition": {
   "isUrlFilterCaseSensitive": false,
   "regexFilter": "^https:\\/\\/hohotoon[0-9]+\\.com\\/data\\/banner\\/"
  },
  "id": 595
 },
 {
  "action": {
   "type": "block"
  },
  "condition": {
   "isUrlFilterCaseSensitive": false,
   "regexFilter": "^https?:\\/\\/(www\\.)?spotv[0-9]+\\.com\\/theme\\/basic\\/img\\/[a-z]+_ad_"
  },
  "id": 596
 },
 {
  "action": {
   "type": "block"
  },
  "condition": {
   "isUrlFilterCaseSensitive": false,
   "regexFilter": "^https:\\/\\/torrenthaja[0-9]*\\.com\\/data\\/banner\\/"
  },
  "id": 597
 },
 {
  "action": {
   "type": "block"
  },
  "condition": {
   "isUrlFilterCaseSensitive": false,
   "regexFilter": "^https:\\/\\/viewtorrent[0-9]+\\.com\\/data\\/editor\\/"
  },
  "id": 598
 },
 {
  "action": {
   "type": "block"
  },
  "condition": {
   "isUrlFilterCaseSensitive": false,
   "regexFilter": "^https:\\/\\/viewtorrent[0-9]+\\.com\\/img\\/[0-9]\\/[0-9]_[0-9A-z]{8}_[a-z0-9]+\\."
  },
  "id": 599
 },
 {
  "action": {
   "type": "block"
  },
  "condition": {
   "isUrlFilterCaseSensitive": false,
   "regexFilter": "^https:\\/\\/xn--8-o68e16s35etqj\\.com\\/data\\/editor\\/[0-9]+\\/[a-z0-9]+_[a-z0-9]+_[a-z0-9]+\\."
  },
  "id": 603
 },
 {
  "action": {
   "type": "block"
  },
  "condition": {
   "isUrlFilterCaseSensitive": false,
   "regexFilter": "^https:\\/\\/torrentmode[0-9]+\\.com\\/data\\/zn_bimg\\/"
  },
  "id": 605
 },
 {
  "action": {
   "type": "block"
  },
  "condition": {
   "isUrlFilterCaseSensitive": false,
   "regexFilter": "^https:\\/\\/toonkor[0-9]+\\.com\\/images\\/[a-z-]*[0-9]{3,}(x|X)[0-9]{2,}"
  },
  "id": 608
 },
 {
  "action": {
   "type": "block"
  },
  "condition": {
   "isUrlFilterCaseSensitive": false,
   "regexFilter": "^https:\\/\\/toonkor[0-9]+\\.com\\/bann\\/"
  },
  "id": 609
 },
 {
  "action": {
   "type": "block"
  },
  "condition": {
   "isUrlFilterCaseSensitive": false,
   "regexFilter": "^https:\\/\\/torrentlee[0-9]+\\.com\\/[A-z_0-9]+\\.gif$"
  },
  "id": 610
 },
 {
  "action": {
   "type": "block"
  },
  "condition": {
   "isUrlFilterCaseSensitive": false,
   "regexFilter": "^https:\\/\\/torrentjuju[0-9]+\\.com\\/data\\/editor\\/[0-9]+\\/[A-z0-9_]+\\."
  },
  "id": 611
 },
 {
  "action": {
   "type": "block"
  },
  "condition": {
   "isUrlFilterCaseSensitive": false,
   "regexFilter": "^https:\\/\\/torrentwiz[0-9]+\\.com\\/[A-z0-9]+\\.gif$"
  },
  "id": 612
 },
 {
  "action": {
   "type": "block"
  },
  "condition": {
   "isUrlFilterCaseSensitive": false,
   "regexFilter": "^https:\\/\\/agit[0-9]+\\.xyz\\/data\\/file\\/novel\\/banner\\/"
  },
  "id": 613
 },
 {
  "action": {
   "type": "block"
  },
  "condition": {
   "isUrlFilterCaseSensitive": false,
   "regexFilter": "^https:\\/\\/jgmoa[0-9]+\\.com\\/upload_files\\/banner\\/"
  },
  "id": 614
 },
 {
  "action": {
   "type": "block"
  },
  "condition": {
   "isUrlFilterCaseSensitive": false,
   "regexFilter": "https:\\/\\/www\\.sexzoa[0-9]+\\.me\\/imgad\\/"
  },
  "id": 615
 },
 {
  "action": {
   "type": "block"
  },
  "condition": {
   "isUrlFilterCaseSensitive": false,
   "regexFilter": "^https:\\/\\/yagong[0-9]+\\.com\\/storage\\/upload\\/banners\\/"
  },
  "id": 616
 },
 {
  "action": {
   "type": "block"
  },
  "condition": {
   "isUrlFilterCaseSensitive": false,
   "regexFilter": "^https:\\/\\/yagong[0-9]+\\.com\\/images\\/[A-z0-9-]+\\.gif$"
  },
  "id": 617
 },
 {
  "action": {
   "type": "block"
  },
  "condition": {
   "isUrlFilterCaseSensitive": false,
   "regexFilter": "^https:\\/\\/www\\.xcity[0-9]+\\.me\\/imgad\\/"
  },
  "id": 618
 },
 {
  "action": {
   "type": "block"
  },
  "condition": {
   "isUrlFilterCaseSensitive": false,
   "regexFilter": "^https:\\/\\/www\\.jinyi[0-9]+\\.me\\/imgad\\/"
  },
  "id": 619
 },
 {
  "action": {
   "type": "block"
  },
  "condition": {
   "isUrlFilterCaseSensitive": false,
   "regexFilter": "^https:\\/\\/www\\.redsun[0-9]+\\.me\\/ad\\/"
  },
  "id": 620
 },
 {
  "action": {
   "type": "block"
  },
  "condition": {
   "isUrlFilterCaseSensitive": false,
   "regexFilter": "^https:\\/\\/manamoa[0-9]+\\.com\\/data\\/apms\\/background\\/"
  },
  "id": 621
 },
 {
  "action": {
   "type": "block"
  },
  "condition": {
   "isUrlFilterCaseSensitive": false,
   "regexFilter": "^https:\\/\\/namedtoon[0-9]+\\.com\\/Uploads\\/\\/images\\/[0-9]{4}-[0-9]{2}-[0-9]{2}\\/[a-z0-9]{13}"
  },
  "id": 622
 },
 {
  "action": {
   "type": "block"
  },
  "condition": {
   "initiatorDomains": [
    "fxfx151.com",
    "fxfx152.com",
    "fxfx153.com",
    "fxfx154.com",
    "fxfx155.com",
    "fxfx156.com",
    "fxfx157.com",
    "fxfx158.com",
    "fxfx159.com",
    "fxfx160.com",
    "fxfx161.com",
    "fxfx162.com",
    "fxfx163.com",
    "fxfx164.com",
    "fxfx167.com",
    "fxfx168.com",
    "fxfx169.com",
    "fxfx170.com",
    "fxfx171.com",
    "wfwf235.com",
    "wfwf236.com",
    "wfwf237.com",
    "wfwf238.com",
    "wfwf239.com",
    "wfwf240.com",
    "wfwf241.com",
    "wfwf242.com",
    "wfwf243.com",
    "wfwf244.com",
    "wfwf245.com",
    "wfwf246.com",
    "wfwf247.com",
    "wtwt160.com",
    "wtwt161.com",
    "wtwt162.com",
    "wtwt163.com",
    "wtwt164.com",
    "wtwt165.com",
    "wtwt167.com",
    "wtwt168.com",
    "wtwt169.com",
    "wtwt170.com",
    "wtwt171.com",
    "wtwt172.com",
    "wtwt173.com",
    "wtwt174.com",
    "wtwt175.com",
    "wtwt176.com",
    "wtwt177.com",
    "wtwt178.com",
    "wtwt179.com"
   ],
   "isUrlFilterCaseSensitive": false,
   "regexFilter": "^https:\\/\\/imgcloud[0-9]+\\.net\\/"
  },
  "id": 623
 },
 {
  "action": {
   "type": "block"
  },
  "condition": {
   "isUrlFilterCaseSensitive": false,
   "regexFilter": "^https:\\/\\/mkmk[0-9]+\\.link\\/data\\/file\\/banner\\/"
  },
  "id": 624
 },
 {
  "action": {
   "type": "block"
  },
  "condition": {
   "isUrlFilterCaseSensitive": false,
   "regexFilter": "^https:\\/\\/(www\\.)?race[0-9]+\\.xyz\\/images\\/spon\\/"
  },
  "id": 625
 },
 {
  "action": {
   "type": "block"
  },
  "condition": {
   "isUrlFilterCaseSensitive": false,
   "regexFilter": "^https:\\/\\/torpang[0-9]+\\.com\\/thema\\/Basic\\/assets\\/img\\/"
  },
  "id": 626
 },
 {
  "action": {
   "type": "block"
  },
  "condition": {
   "isUrlFilterCaseSensitive": false,
   "regexFilter": "^https:\\/\\/torpang[0-9]+\\.com\\/data\\/apms\\/background\\/"
  },
  "id": 628
 },
 {
  "action": {
   "type": "block"
  },
  "condition": {
   "isUrlFilterCaseSensitive": false,
   "regexFilter": "^https:\\/\\/dc\\.filesbest\\.xyz\\/uploadfile\\/images\\/[a-z0-9]+\\.gif$"
  },
  "id": 630
 },
 {
  "action": {
   "type": "block"
  },
  "condition": {
   "isUrlFilterCaseSensitive": false,
   "regexFilter": "^https:\\/\\/torrentwiz[0-9]+\\.com\\/data\\/editor\\/[0-9]{4}\\/"
  },
  "id": 631
 },
 {
  "action": {
   "type": "block"
  },
  "condition": {
   "isUrlFilterCaseSensitive": false,
   "regexFilter": "^https:\\/\\/torrentbot[0-9]+\\.com\\/uploadfile\\/up[a-z0-9]+\\.gif$"
  },
  "id": 632
 },
 {
  "action": {
   "type": "block"
  },
  "condition": {
   "isUrlFilterCaseSensitive": false,
   "regexFilter": "^https:\\/\\/(www\\.)?tfreeca[0-9]+\\.top\\/images\\/[0-9]{3,}(X|x)[0-9]{3,}-[0-9]{4}"
  },
  "id": 634
 },
 {
  "action": {
   "type": "block"
  },
  "condition": {
   "isUrlFilterCaseSensitive": false,
   "regexFilter": "^https:\\/\\/(www\\.)?tfreeca[0-9]+\\.top\\/ad\\/"
  },
  "id": 635
 },
 {
  "action": {
   "type": "block"
  },
  "condition": {
   "isUrlFilterCaseSensitive": false,
   "regexFilter": "^https:\\/\\/(www\\.)?casa[0-9]+\\.me\\/ad\\/"
  },
  "id": 636
 },
 {
  "action": {
   "type": "block"
  },
  "condition": {
   "isUrlFilterCaseSensitive": false,
   "regexFilter": "^https:\\/\\/(www\\.)?filetender\\.com\\/images\\/[0-9]{3,}(X|x)[0-9]{3,}-[0-9]{4}"
  },
  "id": 638
 },
 {
  "action": {
   "type": "block"
  },
  "condition": {
   "isUrlFilterCaseSensitive": false,
   "regexFilter": "^https:\\/\\/(www\\.)?tfreeca[0-9]+\\.com\\/images\\/[0-9]{3,}(X|x)[0-9]{3,}-[0-9]{4}"
  },
  "id": 640
 },
 {
  "action": {
   "type": "block"
  },
  "condition": {
   "isUrlFilterCaseSensitive": false,
   "regexFilter": "^https:\\/\\/(www\\.)?tfreeca[0-9]+\\.com\\/ad\\/"
  },
  "id": 641
 },
 {
  "action": {
   "type": "block"
  },
  "condition": {
   "isUrlFilterCaseSensitive": false,
   "regexFilter": "^https:\\/\\/booktoki[0-9]+\\.com\\/tokinbtoki\\/[0-9]+"
  },
  "id": 643
 },
 {
  "action": {
   "type": "block"
  },
  "condition": {
   "isUrlFilterCaseSensitive": false,
   "regexFilter": "^https:\\/\\/frtoon[0-9]+\\.com\\/data\\/by_banner\\/"
  },
  "id": 646
 },
 {
  "action": {
   "type": "block"
  },
  "condition": {
   "isUrlFilterCaseSensitive": false,
   "regexFilter": "^https:\\/\\/funbe[0-9]+\\.com\\/images\\/"
  },
  "id": 647
 },
 {
  "action": {
   "type": "block"
  },
  "condition": {
   "isUrlFilterCaseSensitive": false,
   "regexFilter": "^https?:\\/\\/[0-9]+image\\.[0-9]+toon\\.com\\/Image\\/Banposter\\/"
  },
  "id": 648
 },
 {
  "action": {
   "type": "block"
  },
  "condition": {
   "isUrlFilterCaseSensitive": false,
   "regexFilter": "^https?:\\/\\/toon[0-9]+\\.com\\/bbs\\/myiframe\\.html$"
  },
  "id": 649
 },
 {
  "action": {
   "type": "block"
  },
  "condition": {
   "isUrlFilterCaseSensitive": false,
   "regexFilter": "^https?:\\/\\/manaboza[0-9]+\\.com\\/static\\/picture\\/[0-9]{4}_[0-9]{10}\\.[0-9]{4}\\."
  },
  "id": 651
 },
 {
  "action": {
   "type": "block"
  },
  "condition": {
   "isUrlFilterCaseSensitive": false,
   "regexFilter": "^https?:\\/\\/manaboza[0-9]+\\.com\\/static\\/image\\/header\\/"
  },
  "id": 652
 },
 {
  "action": {
   "type": "block"
  },
  "condition": {
   "isUrlFilterCaseSensitive": false,
   "regexFilter": "^https:\\/\\/agit[0-9]+\\.com\\/upload\\/[0-9]{4}\\/[0-9]{4}\\/[0-9]{21}"
  },
  "id": 654
 },
 {
  "action": {
   "type": "block"
  },
  "condition": {
   "isUrlFilterCaseSensitive": false,
   "regexFilter": "^https:\\/\\/newtoon[0-9]+\\.com\\/banner\\/"
  },
  "id": 655
 },
 {
  "action": {
   "type": "block"
  },
  "condition": {
   "isUrlFilterCaseSensitive": false,
   "regexFilter": "^https:\\/\\/hodu[0-9]+\\.net\\/_book\\/_Contents\\/banner\\/"
  },
  "id": 656
 },
 {
  "action": {
   "type": "block"
  },
  "condition": {
   "isUrlFilterCaseSensitive": false,
   "regexFilter": "^https:\\/\\/bam[0-9]+co\\.com\\/_book\\/_Contents\\/banner\\/"
  },
  "id": 657
 },
 {
  "action": {
   "type": "block"
  },
  "condition": {
   "initiatorDomains": [
    "blacktoon199.com",
    "blacktoon200.com",
    "blacktoon201.com",
    "blacktoon202.com",
    "blacktoon203.com",
    "blacktoon204.com",
    "blacktoon205.com",
    "blacktoon206.com",
    "blacktoon207.com",
    "blacktoon208.com",
    "blacktoon209.com",
    "blacktoon210.com"
   ],
   "isUrlFilterCaseSensitive": false,
   "regexFilter": "^https:\\/\\/[0-9a-z\\.]+\\.blogspot\\.com\\/"
  },
  "id": 659
 },
 {
  "action": {
   "type": "block"
  },
  "condition": {
   "isUrlFilterCaseSensitive": false,
   "regexFilter": "^https:\\/\\/blacktoon[0-9]+\\.com\\/upload\\/[0-9]{4}\\/[0-9]{4}\\/[0-9]{21}"
  },
  "id": 660
 },
 {
  "action": {
   "type": "block"
  },
  "condition": {
   "isUrlFilterCaseSensitive": false,
   "regexFilter": "^https:\\/\\/newtoki[0-9]+\\.com\\/tokinbtoki\\/[0-9]{2,}"
  },
  "id": 661
 },
 {
  "action": {
   "type": "block"
  },
  "condition": {
   "isUrlFilterCaseSensitive": false,
   "regexFilter": "^https:\\/\\/manatoki[0-9]+\\.net\\/tokinbtoki\\/[0-9]{3,}"
  },
  "id": 662
 },
 {
  "action": {
   "type": "block"
  },
  "condition": {
   "initiatorDomains": [
    "kakaotv.daum.net",
    "play-tv.kakao.com",
    "tv.kakao.com"
   ],
   "isUrlFilterCaseSensitive": false,
   "regexFilter": "^https:\\/\\/videoads\\.kakao\\.com\\/adserver\\/api\\/v[0-9]+\\/vmap"
  },
  "id": 673
 },
 {
  "action": {
   "type": "block"
  },
  "condition": {
   "isUrlFilterCaseSensitive": false,
   "regexFilter": "^https?:\\/\\/(m\\.)?humoruniv\\.com\\/.+\\?[a-z0-9]+=",
   "resourceTypes": [
    "xmlhttprequest"
   ]
  },
  "id": 699
 },
 {
  "action": {
   "type": "block"
  },
  "condition": {
   "isUrlFilterCaseSensitive": false,
   "regexFilter": "^https:\\/\\/toonsarang[0-9]+\\.com\\/bbs\\/bannerhit\\.php",
   "resourceTypes": [
    "main_frame"
   ]
  },
  "id": 724
 },
 {
  "action": {
   "type": "allow"
  },
  "condition": {
   "isUrlFilterCaseSensitive": false,
   "regexFilter": "^(http|https):\\/\\/image\\.kyobobook\\.co\\.kr\\/ink\\/images\\/prom\\/[0-9]{4}\\/general\\/[0-9]{6}_dailyCheck\\/"
  },
  "id": 732
 },
 {
  "action": {
   "type": "allow"
  },
  "condition": {
   "isUrlFilterCaseSensitive": false,
   "regexFilter": "^https:\\/\\/www\\.ehanex\\.com\\/images\\/main\\/[a-z]{2}_ad\\.gif$"
  },
  "id": 735
 }
]
