[
 {
  "action": {
   "type": "block"
  },
  "condition": {
   "isUrlFilterCaseSensitive": false,
   "regexFilter": "^(https?:\\/\\/)?[a-z]{10,12}\\.easy\\.co($|\\/.*$)",
   "resourceTypes": [
    "main_frame"
   ]
  },
  "id": 360
 },
 {
  "action": {
   "type": "allow"
  },
  "condition": {
   "initiatorDomains": [
    "billetlugen.dk",
    "eventim.no"
   ],
   "isUrlFilterCaseSensitive": false,
   "regexFilter": "obj\\/global\\/feature\\/tagCommander",
   "resourceTypes": [
    "script"
   ]
  },
  "id": 427
 },
 {
  "action": {
   "type": "allow"
  },
  "condition": {
   "domainType": "firstParty",
   "isUrlFilterCaseSensitive": false,
   "regexFilter": "^https:\\/\\/www.gamer.no\\/[0-9a-f]{32,40}$",
   "resourceTypes": [
    "script"
   ]
  },
  "id": 433
 }
]
